ts,date,hour,endpoint,avg_ms,min_ms,max_ms,mdev_ms,packet_loss,icmp_blocked
2026-05-04 12:00:02.467405+00:00,2026-05-04,12,api.deepgram.com,148.124,147.974,148.637,0.193,0,False
2026-05-04 12:00:02.467405+00:00,2026-05-04,12,api.rev.ai,,,,,100,True
2026-05-04 12:00:02.467405+00:00,2026-05-04,12,italynorth.stt.speech.microsoft.com,10.586,10.551,10.655,0.037,0,False
2026-05-04 12:00:02.467405+00:00,2026-05-04,12,api.openai.com,1.317,1.293,1.384,0.026,0,False
2026-05-04 12:00:02.467405+00:00,2026-05-04,12,api.groq.com,1.553,1.497,1.658,0.054,0,False
2026-05-04 12:00:02.467405+00:00,2026-05-04,12,api.mistral.ai,0.943,0.873,1.056,0.044,0,False
2026-05-04 12:00:02.467405+00:00,2026-05-04,12,api.deepgram.com,148.137,148.114,148.164,0.016,0,False
2026-05-04 12:00:02.467405+00:00,2026-05-04,12,api.openai.com,1.466,1.434,1.501,0.019,0,False
2026-05-04 12:00:02.467405+00:00,2026-05-04,12,italynorth.tts.speech.microsoft.com,10.12,10.112,10.136,0.007,0,False
2026-05-04 18:00:02.176874+00:00,2026-05-04,18,api.deepgram.com,149.361,147.908,154.691,2.226,0,False
2026-05-04 18:00:02.176874+00:00,2026-05-04,18,api.rev.ai,,,,,100,True
2026-05-04 18:00:02.176874+00:00,2026-05-04,18,italynorth.stt.speech.microsoft.com,10.368,10.332,10.445,0.039,0,False
2026-05-04 18:00:02.176874+00:00,2026-05-04,18,api.openai.com,1.205,1.142,1.329,0.053,0,False
2026-05-04 18:00:02.176874+00:00,2026-05-04,18,api.groq.com,1.548,1.479,1.644,0.051,0,False
2026-05-04 18:00:02.176874+00:00,2026-05-04,18,api.mistral.ai,0.929,0.89,0.971,0.027,0,False
2026-05-04 18:00:02.176874+00:00,2026-05-04,18,api.deepgram.com,142.622,142.588,142.662,0.022,0,False
2026-05-04 18:00:02.176874+00:00,2026-05-04,18,api.openai.com,1.494,1.443,1.636,0.053,0,False
2026-05-04 18:00:02.176874+00:00,2026-05-04,18,italynorth.tts.speech.microsoft.com,10.245,10.203,10.342,0.046,0,False
2026-05-05 00:00:02.734225+00:00,2026-05-05,0,api.deepgram.com,150.837,150.707,151.394,0.19,0,False
2026-05-05 00:00:02.734225+00:00,2026-05-05,0,api.rev.ai,,,,,100,True
2026-05-05 00:00:02.734225+00:00,2026-05-05,0,italynorth.stt.speech.microsoft.com,10.694,10.653,10.837,0.049,0,False
2026-05-05 00:00:02.734225+00:00,2026-05-05,0,api.openai.com,1.569,1.515,1.665,0.039,0,False
2026-05-05 00:00:02.734225+00:00,2026-05-05,0,api.groq.com,1.565,1.531,1.635,0.029,0,False
2026-05-05 00:00:02.734225+00:00,2026-05-05,0,api.mistral.ai,1.237,1.159,1.401,0.063,0,False
2026-05-05 00:00:02.734225+00:00,2026-05-05,0,api.deepgram.com,150.757,150.692,150.867,0.059,0,False
2026-05-05 00:00:02.734225+00:00,2026-05-05,0,api.openai.com,1.181,1.142,1.292,0.041,0,False
2026-05-05 00:00:02.734225+00:00,2026-05-05,0,italynorth.tts.speech.microsoft.com,10.112,10.088,10.131,0.011,0,False
2026-05-05 05:30:02.010074+00:00,2026-05-05,5,api.deepgram.com,138.795,138.728,138.828,0.031,0,False
2026-05-05 05:30:02.010074+00:00,2026-05-05,5,api.rev.ai,,,,,100,True
2026-05-05 05:30:02.010074+00:00,2026-05-05,5,italynorth.stt.speech.microsoft.com,10.766,10.655,11.356,0.203,0,False
2026-05-05 05:30:02.010074+00:00,2026-05-05,5,api.openai.com,1.161,1.127,1.206,0.019,0,False
2026-05-05 05:30:02.010074+00:00,2026-05-05,5,api.groq.com,1.637,1.547,1.918,0.129,0,False
2026-05-05 05:30:02.010074+00:00,2026-05-05,5,api.mistral.ai,1.289,1.175,2.083,0.265,0,False
2026-05-05 05:30:02.010074+00:00,2026-05-05,5,api.deepgram.com,149.206,148.972,150.236,0.386,0,False
2026-05-05 05:30:02.010074+00:00,2026-05-05,5,api.openai.com,1.583,1.536,1.76,0.061,0,False
2026-05-05 05:30:02.010074+00:00,2026-05-05,5,italynorth.tts.speech.microsoft.com,10.125,10.096,10.147,0.015,0,False
2026-05-05 06:00:01.456050+00:00,2026-05-05,6,api.deepgram.com,139.279,138.749,143.754,1.491,0,False
2026-05-05 06:00:01.456050+00:00,2026-05-05,6,api.rev.ai,,,,,100,True
2026-05-05 06:00:01.456050+00:00,2026-05-05,6,italynorth.stt.speech.microsoft.com,10.746,10.671,11.114,0.124,0,False
2026-05-05 06:00:01.456050+00:00,2026-05-05,6,api.openai.com,1.14,1.074,1.434,0.102,0,False
2026-05-05 06:00:01.456050+00:00,2026-05-05,6,api.groq.com,0.956,0.937,0.985,0.014,0,False
2026-05-05 06:00:01.456050+00:00,2026-05-05,6,api.mistral.ai,1.236,1.161,1.53,0.101,0,False
2026-05-05 06:00:01.456050+00:00,2026-05-05,6,api.deepgram.com,102.133,102.053,102.287,0.076,0,False
2026-05-05 06:00:01.456050+00:00,2026-05-05,6,api.openai.com,1.173,1.055,1.498,0.127,0,False
2026-05-05 06:00:01.456050+00:00,2026-05-05,6,italynorth.tts.speech.microsoft.com,10.255,10.222,10.318,0.026,0,False
2026-05-05 12:00:02.247443+00:00,2026-05-05,12,api.deepgram.com,149.075,148.946,149.377,0.128,0,False
2026-05-05 12:00:02.247443+00:00,2026-05-05,12,api.rev.ai,,,,,100,True
2026-05-05 12:00:02.247443+00:00,2026-05-05,12,italynorth.stt.speech.microsoft.com,10.674,10.651,10.694,0.01,0,False
2026-05-05 12:00:02.247443+00:00,2026-05-05,12,api.openai.com,1.601,1.538,1.676,0.036,0,False
2026-05-05 12:00:02.247443+00:00,2026-05-05,12,api.groq.com,1.536,1.469,1.625,0.049,0,False
2026-05-05 12:00:02.247443+00:00,2026-05-05,12,api.mistral.ai,0.932,0.906,0.966,0.017,0,False
2026-05-05 12:00:02.247443+00:00,2026-05-05,12,api.deepgram.com,148.125,148.073,148.166,0.031,0,False
2026-05-05 12:00:02.247443+00:00,2026-05-05,12,api.openai.com,1.184,1.134,1.253,0.032,0,False
2026-05-05 12:00:02.247443+00:00,2026-05-05,12,italynorth.tts.speech.microsoft.com,10.238,10.216,10.337,0.033,0,False
2026-05-05 18:00:02.005787+00:00,2026-05-05,18,api.deepgram.com,140.193,139.46,145.279,1.707,0,False
2026-05-05 18:00:02.005787+00:00,2026-05-05,18,api.rev.ai,,,,,100,True
2026-05-05 18:00:02.005787+00:00,2026-05-05,18,italynorth.stt.speech.microsoft.com,10.344,10.318,10.371,0.015,0,False
2026-05-05 18:00:02.005787+00:00,2026-05-05,18,api.openai.com,1.92,0.952,9.978,2.686,0,False
2026-05-05 18:00:02.005787+00:00,2026-05-05,18,api.groq.com,1.453,1.425,1.487,0.02,0,False
2026-05-05 18:00:02.005787+00:00,2026-05-05,18,api.mistral.ai,0.96,0.899,1.078,0.046,0,False
2026-05-05 18:00:02.005787+00:00,2026-05-05,18,api.deepgram.com,139.506,139.403,139.629,0.066,0,False
2026-05-05 18:00:02.005787+00:00,2026-05-05,18,api.openai.com,1.048,0.934,1.418,0.131,0,False
2026-05-05 18:00:02.005787+00:00,2026-05-05,18,italynorth.tts.speech.microsoft.com,10.151,10.111,10.445,0.097,0,False
2026-05-06 00:00:02.526497+00:00,2026-05-06,0,api.deepgram.com,138.753,138.67,138.79,0.03,0,False
2026-05-06 00:00:02.526497+00:00,2026-05-06,0,api.rev.ai,,,,,100,True
2026-05-06 00:00:02.526497+00:00,2026-05-06,0,italynorth.stt.speech.microsoft.com,10.336,10.316,10.366,0.012,0,False
2026-05-06 00:00:02.526497+00:00,2026-05-06,0,api.openai.com,1.082,1.046,1.151,0.028,0,False
2026-05-06 00:00:02.526497+00:00,2026-05-06,0,api.groq.com,1.8,1.772,1.835,0.018,0,False
2026-05-06 00:00:02.526497+00:00,2026-05-06,0,api.mistral.ai,0.901,0.862,0.976,0.029,0,False
2026-05-06 00:00:02.526497+00:00,2026-05-06,0,api.deepgram.com,143.092,142.814,143.842,0.372,0,False
2026-05-06 00:00:02.526497+00:00,2026-05-06,0,api.openai.com,1.133,1.071,1.244,0.063,0,False
2026-05-06 00:00:02.526497+00:00,2026-05-06,0,italynorth.tts.speech.microsoft.com,10.136,10.11,10.199,0.025,0,False
2026-05-06 05:30:01.669709+00:00,2026-05-06,5,api.deepgram.com,101.463,101.42,101.565,0.044,0,False
2026-05-06 05:30:01.669709+00:00,2026-05-06,5,api.rev.ai,,,,,100,True
2026-05-06 05:30:01.669709+00:00,2026-05-06,5,italynorth.stt.speech.microsoft.com,10.229,10.191,10.293,0.027,0,False
2026-05-06 05:30:01.669709+00:00,2026-05-06,5,api.openai.com,1.094,1.067,1.147,0.025,0,False
2026-05-06 05:30:01.669709+00:00,2026-05-06,5,api.groq.com,0.963,0.915,1.021,0.031,0,False
2026-05-06 05:30:01.669709+00:00,2026-05-06,5,api.mistral.ai,1.071,1.022,1.214,0.052,0,False
2026-05-06 05:30:01.669709+00:00,2026-05-06,5,api.deepgram.com,139.022,138.979,139.085,0.03,0,False
2026-05-06 05:30:01.669709+00:00,2026-05-06,5,api.openai.com,1.085,1.053,1.15,0.027,0,False
2026-05-06 05:30:01.669709+00:00,2026-05-06,5,italynorth.tts.speech.microsoft.com,10.114,10.101,10.141,0.011,0,False
2026-05-06 06:00:01.634855+00:00,2026-05-06,6,api.deepgram.com,142.827,142.747,142.948,0.057,0,False
2026-05-06 06:00:01.634855+00:00,2026-05-06,6,api.rev.ai,,,,,100,True
2026-05-06 06:00:01.634855+00:00,2026-05-06,6,italynorth.stt.speech.microsoft.com,10.371,10.323,10.482,0.049,0,False
2026-05-06 06:00:01.634855+00:00,2026-05-06,6,api.openai.com,1.193,1.142,1.298,0.045,0,False
2026-05-06 06:00:01.634855+00:00,2026-05-06,6,api.groq.com,0.967,0.917,1.017,0.029,0,False
2026-05-06 06:00:01.634855+00:00,2026-05-06,6,api.mistral.ai,1.059,1.019,1.122,0.028,0,False
2026-05-06 06:00:01.634855+00:00,2026-05-06,6,api.deepgram.com,139.051,139.019,139.099,0.026,0,False
2026-05-06 06:00:01.634855+00:00,2026-05-06,6,api.openai.com,1.174,1.138,1.24,0.027,0,False
2026-05-06 06:00:01.634855+00:00,2026-05-06,6,italynorth.tts.speech.microsoft.com,9.995,9.987,10.003,0.006,0,False
2026-05-06 12:00:01.818399+00:00,2026-05-06,12,api.deepgram.com,148.765,148.717,148.849,0.041,0,False
2026-05-06 12:00:01.818399+00:00,2026-05-06,12,api.rev.ai,,,,,100,True
2026-05-06 12:00:01.818399+00:00,2026-05-06,12,italynorth.stt.speech.microsoft.com,10.345,10.337,10.364,0.007,0,False
2026-05-06 12:00:01.818399+00:00,2026-05-06,12,api.openai.com,1.096,1.063,1.221,0.043,0,False
2026-05-06 12:00:01.818399+00:00,2026-05-06,12,api.groq.com,1.51,1.466,1.551,0.024,0,False
2026-05-06 12:00:01.818399+00:00,2026-05-06,12,api.mistral.ai,0.831,0.781,0.963,0.047,0,False
2026-05-06 12:00:01.818399+00:00,2026-05-06,12,api.deepgram.com,101.392,101.366,101.469,0.029,0,False
2026-05-06 12:00:01.818399+00:00,2026-05-06,12,api.openai.com,1.3,1.276,1.327,0.015,0,False
2026-05-06 12:00:01.818399+00:00,2026-05-06,12,italynorth.tts.speech.microsoft.com,10.592,10.553,10.692,0.035,0,False
2026-05-06 18:00:02.295945+00:00,2026-05-06,18,api.deepgram.com,139.422,139.051,142.12,0.907,0,False
2026-05-06 18:00:02.295945+00:00,2026-05-06,18,api.rev.ai,,,,,100,True
2026-05-06 18:00:02.295945+00:00,2026-05-06,18,italynorth.stt.speech.microsoft.com,10.344,10.315,10.443,0.033,0,False
2026-05-06 18:00:02.295945+00:00,2026-05-06,18,api.openai.com,1.447,1.395,1.515,0.036,0,False
2026-05-06 18:00:02.295945+00:00,2026-05-06,18,api.groq.com,1.534,1.485,1.668,0.059,0,False
2026-05-06 18:00:02.295945+00:00,2026-05-06,18,api.mistral.ai,0.949,0.925,1.007,0.027,0,False
2026-05-06 18:00:02.295945+00:00,2026-05-06,18,api.deepgram.com,101.432,101.381,101.492,0.033,0,False
2026-05-06 18:00:02.295945+00:00,2026-05-06,18,api.openai.com,1.173,1.074,1.557,0.139,0,False
2026-05-06 18:00:02.295945+00:00,2026-05-06,18,italynorth.tts.speech.microsoft.com,10.579,10.555,10.62,0.018,0,False
2026-05-07 00:00:02.109234+00:00,2026-05-07,0,api.deepgram.com,138.884,138.778,139.084,0.081,0,False
2026-05-07 00:00:02.109234+00:00,2026-05-07,0,api.rev.ai,,,,,100,True
2026-05-07 00:00:02.109234+00:00,2026-05-07,0,italynorth.stt.speech.microsoft.com,10.445,10.4,10.519,0.029,0,False
2026-05-07 00:00:02.109234+00:00,2026-05-07,0,api.openai.com,1.11,1.06,1.25,0.065,0,False
2026-05-07 00:00:02.109234+00:00,2026-05-07,0,api.groq.com,1.571,1.518,1.685,0.042,0,False
2026-05-07 00:00:02.109234+00:00,2026-05-07,0,api.mistral.ai,0.808,0.76,0.863,0.029,0,False
2026-05-07 00:00:02.109234+00:00,2026-05-07,0,api.deepgram.com,138.956,138.888,139.054,0.054,0,False
2026-05-07 00:00:02.109234+00:00,2026-05-07,0,api.openai.com,1.419,1.381,1.473,0.025,0,False
2026-05-07 00:00:02.109234+00:00,2026-05-07,0,italynorth.tts.speech.microsoft.com,10.355,10.33,10.425,0.025,0,False
2026-05-07 05:30:01.090933+00:00,2026-05-07,5,api.deepgram.com,149.18,149.116,149.394,0.076,0,False
2026-05-07 05:30:01.090933+00:00,2026-05-07,5,api.rev.ai,,,,,100,True
2026-05-07 05:30:01.090933+00:00,2026-05-07,5,italynorth.stt.speech.microsoft.com,10.951,10.896,11.116,0.056,0,False
2026-05-07 05:30:01.090933+00:00,2026-05-07,5,api.openai.com,1.097,1.056,1.224,0.045,0,False
2026-05-07 05:30:01.090933+00:00,2026-05-07,5,api.groq.com,1.004,0.928,1.36,0.122,0,False
2026-05-07 05:30:01.090933+00:00,2026-05-07,5,api.mistral.ai,0.794,0.771,0.822,0.015,0,False
2026-05-07 05:30:01.090933+00:00,2026-05-07,5,api.deepgram.com,139.05,138.998,139.13,0.034,0,False
2026-05-07 05:30:01.090933+00:00,2026-05-07,5,api.openai.com,1.438,1.389,1.531,0.037,0,False
2026-05-07 05:30:01.090933+00:00,2026-05-07,5,italynorth.tts.speech.microsoft.com,10.752,10.691,10.843,0.053,0,False
2026-05-07 06:00:02.252375+00:00,2026-05-07,6,api.deepgram.com,139.523,139.056,143.065,1.182,0,False
2026-05-07 06:00:02.252375+00:00,2026-05-07,6,api.rev.ai,,,,,100,True
2026-05-07 06:00:02.252375+00:00,2026-05-07,6,italynorth.stt.speech.microsoft.com,10.755,10.725,10.944,0.063,0,False
2026-05-07 06:00:02.252375+00:00,2026-05-07,6,api.openai.com,1.086,1.063,1.143,0.026,0,False
2026-05-07 06:00:02.252375+00:00,2026-05-07,6,api.groq.com,1.57,1.527,1.679,0.049,0,False
2026-05-07 06:00:02.252375+00:00,2026-05-07,6,api.mistral.ai,0.837,0.749,0.984,0.076,0,False
2026-05-07 06:00:02.252375+00:00,2026-05-07,6,api.deepgram.com,138.947,138.914,138.99,0.022,0,False
2026-05-07 06:00:02.252375+00:00,2026-05-07,6,api.openai.com,1.09,1.06,1.164,0.027,0,False
2026-05-07 06:00:02.252375+00:00,2026-05-07,6,italynorth.tts.speech.microsoft.com,10.735,10.708,10.826,0.034,0,False
2026-05-07 12:00:01.321967+00:00,2026-05-07,12,api.deepgram.com,101.475,101.41,101.526,0.038,0,False
2026-05-07 12:00:01.321967+00:00,2026-05-07,12,api.rev.ai,,,,,100,True
2026-05-07 12:00:01.321967+00:00,2026-05-07,12,italynorth.stt.speech.microsoft.com,10.566,10.556,10.572,0.005,0,False
2026-05-07 12:00:01.321967+00:00,2026-05-07,12,api.openai.com,1.323,1.283,1.418,0.043,0,False
2026-05-07 12:00:01.321967+00:00,2026-05-07,12,api.groq.com,1.388,1.32,1.694,0.105,0,False
2026-05-07 12:00:01.321967+00:00,2026-05-07,12,api.mistral.ai,0.839,0.776,1.002,0.061,0,False
2026-05-07 12:00:01.321967+00:00,2026-05-07,12,api.deepgram.com,149.066,149.02,149.117,0.029,0,False
2026-05-07 12:00:01.321967+00:00,2026-05-07,12,api.openai.com,1.296,1.265,1.388,0.033,0,False
2026-05-07 12:00:01.321967+00:00,2026-05-07,12,italynorth.tts.speech.microsoft.com,10.25,10.224,10.31,0.024,0,False
2026-05-07 18:00:01.600727+00:00,2026-05-07,18,api.deepgram.com,101.472,101.38,101.648,0.081,0,False
2026-05-07 18:00:01.600727+00:00,2026-05-07,18,api.rev.ai,,,,,100,True
2026-05-07 18:00:01.600727+00:00,2026-05-07,18,italynorth.stt.speech.microsoft.com,10.941,10.924,11.017,0.026,0,False
2026-05-07 18:00:01.600727+00:00,2026-05-07,18,api.openai.com,1.533,1.317,2.117,0.267,0,False
2026-05-07 18:00:01.600727+00:00,2026-05-07,18,api.groq.com,1.064,0.957,1.36,0.14,0,False
2026-05-07 18:00:01.600727+00:00,2026-05-07,18,api.mistral.ai,1.23,1.052,1.764,0.227,0,False
2026-05-07 18:00:01.600727+00:00,2026-05-07,18,api.deepgram.com,149.152,149.039,149.378,0.108,0,False
2026-05-07 18:00:01.600727+00:00,2026-05-07,18,api.openai.com,2.006,1.325,6.894,1.634,0,False
2026-05-07 18:00:01.600727+00:00,2026-05-07,18,italynorth.tts.speech.microsoft.com,10.275,10.225,10.463,0.064,0,False
2026-05-08 00:00:02.572504+00:00,2026-05-08,0,api.deepgram.com,143.079,142.806,145.022,0.648,0,False
2026-05-08 00:00:02.572504+00:00,2026-05-08,0,api.rev.ai,,,,,100,True
2026-05-08 00:00:02.572504+00:00,2026-05-08,0,italynorth.stt.speech.microsoft.com,10.292,10.244,10.546,0.085,0,False
2026-05-08 00:00:02.572504+00:00,2026-05-08,0,api.openai.com,1.573,1.494,1.685,0.068,0,False
2026-05-08 00:00:02.572504+00:00,2026-05-08,0,api.groq.com,1.557,1.533,1.585,0.018,0,False
2026-05-08 00:00:02.572504+00:00,2026-05-08,0,api.mistral.ai,1.053,0.991,1.149,0.049,0,False
2026-05-08 00:00:02.572504+00:00,2026-05-08,0,api.deepgram.com,148.898,148.753,149.718,0.275,0,False
2026-05-08 00:00:02.572504+00:00,2026-05-08,0,api.openai.com,1.089,1.056,1.154,0.031,0,False
2026-05-08 00:00:02.572504+00:00,2026-05-08,0,italynorth.tts.speech.microsoft.com,10.0,9.983,10.048,0.018,0,False
2026-05-08 05:30:01.572191+00:00,2026-05-08,5,api.deepgram.com,142.905,142.807,143.543,0.213,0,False
2026-05-08 05:30:01.572191+00:00,2026-05-08,5,api.rev.ai,,,,,100,True
2026-05-08 05:30:01.572191+00:00,2026-05-08,5,italynorth.stt.speech.microsoft.com,10.377,10.344,10.523,0.049,0,False
2026-05-08 05:30:01.572191+00:00,2026-05-08,5,api.openai.com,1.458,1.412,1.553,0.039,0,False
2026-05-08 05:30:01.572191+00:00,2026-05-08,5,api.groq.com,1.577,1.523,1.687,0.052,0,False
2026-05-08 05:30:01.572191+00:00,2026-05-08,5,api.mistral.ai,0.801,0.767,0.878,0.031,0,False
2026-05-08 05:30:01.572191+00:00,2026-05-08,5,api.deepgram.com,138.94,138.904,139.007,0.028,0,False
2026-05-08 05:30:01.572191+00:00,2026-05-08,5,api.openai.com,1.085,1.039,1.144,0.033,0,False
2026-05-08 05:30:01.572191+00:00,2026-05-08,5,italynorth.tts.speech.microsoft.com,10.491,10.464,10.555,0.024,0,False
2026-05-08 06:00:01.678913+00:00,2026-05-08,6,api.deepgram.com,101.395,101.358,101.464,0.04,0,False
2026-05-08 06:00:01.678913+00:00,2026-05-08,6,api.rev.ai,,,,,100,True
2026-05-08 06:00:01.678913+00:00,2026-05-08,6,italynorth.stt.speech.microsoft.com,10.37,10.349,10.411,0.018,0,False
2026-05-08 06:00:01.678913+00:00,2026-05-08,6,api.openai.com,1.442,1.421,1.512,0.027,0,False
2026-05-08 06:00:01.678913+00:00,2026-05-08,6,api.groq.com,0.96,0.919,1.044,0.035,0,False
2026-05-08 06:00:01.678913+00:00,2026-05-08,6,api.mistral.ai,1.018,0.994,1.053,0.017,0,False
2026-05-08 06:00:01.678913+00:00,2026-05-08,6,api.deepgram.com,101.451,101.423,101.51,0.029,0,False
2026-05-08 06:00:01.678913+00:00,2026-05-08,6,api.openai.com,1.097,1.051,1.213,0.043,0,False
2026-05-08 06:00:01.678913+00:00,2026-05-08,6,italynorth.tts.speech.microsoft.com,10.491,10.463,10.514,0.017,0,False
2026-05-08 12:00:01.129117+00:00,2026-05-08,12,api.deepgram.com,149.71,149.3,150.548,0.379,0,False
2026-05-08 12:00:01.129117+00:00,2026-05-08,12,api.rev.ai,,,,,100,True
2026-05-08 12:00:01.129117+00:00,2026-05-08,12,italynorth.stt.speech.microsoft.com,10.382,10.354,10.468,0.032,0,False
2026-05-08 12:00:01.129117+00:00,2026-05-08,12,api.openai.com,1.08,1.058,1.095,0.01,0,False
2026-05-08 12:00:01.129117+00:00,2026-05-08,12,api.groq.com,1.595,1.526,1.846,0.088,0,False
2026-05-08 12:00:01.129117+00:00,2026-05-08,12,api.mistral.ai,1.046,1.004,1.113,0.026,0,False
2026-05-08 12:00:01.129117+00:00,2026-05-08,12,api.deepgram.com,139.369,139.2,139.862,0.176,0,False
2026-05-08 12:00:01.129117+00:00,2026-05-08,12,api.openai.com,1.565,1.52,1.643,0.032,0,False
2026-05-08 12:00:01.129117+00:00,2026-05-08,12,italynorth.tts.speech.microsoft.com,10.246,10.208,10.276,0.019,0,False
2026-05-08 18:00:01.871106+00:00,2026-05-08,18,api.deepgram.com,139.027,138.942,139.251,0.093,0,False
2026-05-08 18:00:01.871106+00:00,2026-05-08,18,api.rev.ai,,,,,100,True
2026-05-08 18:00:01.871106+00:00,2026-05-08,18,italynorth.stt.speech.microsoft.com,10.424,10.353,10.85,0.143,0,False
2026-05-08 18:00:01.871106+00:00,2026-05-08,18,api.openai.com,1.148,1.077,1.256,0.055,0,False
2026-05-08 18:00:01.871106+00:00,2026-05-08,18,api.groq.com,1.63,1.554,1.723,0.057,0,False
2026-05-08 18:00:01.871106+00:00,2026-05-08,18,api.mistral.ai,0.814,0.772,0.915,0.037,0,False
2026-05-08 18:00:01.871106+00:00,2026-05-08,18,api.deepgram.com,139.142,139.057,139.229,0.051,0,False
2026-05-08 18:00:01.871106+00:00,2026-05-08,18,api.openai.com,1.126,1.078,1.198,0.037,0,False
2026-05-08 18:00:01.871106+00:00,2026-05-08,18,italynorth.tts.speech.microsoft.com,10.274,10.215,10.507,0.086,0,False
2026-05-09 00:00:02.693961+00:00,2026-05-09,0,api.deepgram.com,142.867,142.776,143.229,0.129,0,False
2026-05-09 00:00:02.693961+00:00,2026-05-09,0,api.rev.ai,,,,,100,True
2026-05-09 00:00:02.693961+00:00,2026-05-09,0,italynorth.stt.speech.microsoft.com,10.384,10.347,10.509,0.043,0,False
2026-05-09 00:00:02.693961+00:00,2026-05-09,0,api.openai.com,1.077,1.057,1.087,0.009,0,False
2026-05-09 00:00:02.693961+00:00,2026-05-09,0,api.groq.com,1.447,1.412,1.516,0.028,0,False
2026-05-09 00:00:02.693961+00:00,2026-05-09,0,api.mistral.ai,1.061,1.003,1.327,0.091,0,False
2026-05-09 00:00:02.693961+00:00,2026-05-09,0,api.deepgram.com,139.444,139.367,139.615,0.064,0,False
2026-05-09 00:00:02.693961+00:00,2026-05-09,0,api.openai.com,1.294,1.254,1.345,0.026,0,False
2026-05-09 00:00:02.693961+00:00,2026-05-09,0,italynorth.tts.speech.microsoft.com,10.225,10.2,10.235,0.01,0,False
2026-05-09 05:30:02.129211+00:00,2026-05-09,5,api.deepgram.com,142.817,142.801,142.826,0.007,0,False
2026-05-09 05:30:02.129211+00:00,2026-05-09,5,api.rev.ai,,,,,100,True
2026-05-09 05:30:02.129211+00:00,2026-05-09,5,italynorth.stt.speech.microsoft.com,10.356,10.326,10.371,0.013,0,False
2026-05-09 05:30:02.129211+00:00,2026-05-09,5,api.openai.com,1.09,1.045,1.169,0.035,0,False
2026-05-09 05:30:02.129211+00:00,2026-05-09,5,api.groq.com,1.697,1.634,1.897,0.087,0,False
2026-05-09 05:30:02.129211+00:00,2026-05-09,5,api.mistral.ai,1.064,0.992,1.205,0.064,0,False
2026-05-09 05:30:02.129211+00:00,2026-05-09,5,api.deepgram.com,142.809,142.8,142.849,0.013,0,False
2026-05-09 05:30:02.129211+00:00,2026-05-09,5,api.openai.com,1.305,1.269,1.367,0.028,0,False
2026-05-09 05:30:02.129211+00:00,2026-05-09,5,italynorth.tts.speech.microsoft.com,10.234,10.217,10.274,0.016,0,False
2026-05-09 06:00:02.397963+00:00,2026-05-09,6,api.deepgram.com,140.383,139.45,146.688,2.241,10,False
2026-05-09 06:00:02.397963+00:00,2026-05-09,6,api.rev.ai,,,,,100,True
2026-05-09 06:00:02.397963+00:00,2026-05-09,6,italynorth.stt.speech.microsoft.com,10.361,10.342,10.423,0.023,0,False
2026-05-09 06:00:02.397963+00:00,2026-05-09,6,api.openai.com,1.332,1.288,1.534,0.07,0,False
2026-05-09 06:00:02.397963+00:00,2026-05-09,6,api.groq.com,1.681,1.624,1.837,0.056,0,False
2026-05-09 06:00:02.397963+00:00,2026-05-09,6,api.mistral.ai,1.06,0.984,1.207,0.065,0,False
2026-05-09 06:00:02.397963+00:00,2026-05-09,6,api.deepgram.com,139.544,139.483,139.685,0.067,0,False
2026-05-09 06:00:02.397963+00:00,2026-05-09,6,api.openai.com,1.077,1.056,1.151,0.028,0,False
2026-05-09 06:00:02.397963+00:00,2026-05-09,6,italynorth.tts.speech.microsoft.com,10.239,10.206,10.302,0.028,0,False
2026-05-09 12:00:02.215067+00:00,2026-05-09,12,api.deepgram.com,150.623,149.649,152.011,0.676,0,False
2026-05-09 12:00:02.215067+00:00,2026-05-09,12,api.rev.ai,,,,,100,True
2026-05-09 12:00:02.215067+00:00,2026-05-09,12,italynorth.stt.speech.microsoft.com,10.402,10.357,10.599,0.069,0,False
2026-05-09 12:00:02.215067+00:00,2026-05-09,12,api.openai.com,1.12,1.086,1.156,0.024,0,False
2026-05-09 12:00:02.215067+00:00,2026-05-09,12,api.groq.com,2.006,1.66,3.275,0.523,0,False
2026-05-09 12:00:02.215067+00:00,2026-05-09,12,api.mistral.ai,1.353,1.284,1.524,0.072,0,False
2026-05-09 12:00:02.215067+00:00,2026-05-09,12,api.deepgram.com,141.236,139.511,150.295,3.199,0,False
2026-05-09 12:00:02.215067+00:00,2026-05-09,12,api.openai.com,1.351,1.295,1.493,0.052,0,False
2026-05-09 12:00:02.215067+00:00,2026-05-09,12,italynorth.tts.speech.microsoft.com,10.25,10.236,10.269,0.01,0,False
2026-05-09 18:00:02.171699+00:00,2026-05-09,18,api.deepgram.com,149.551,149.464,149.721,0.086,0,False
2026-05-09 18:00:02.171699+00:00,2026-05-09,18,api.rev.ai,,,,,100,True
2026-05-09 18:00:02.171699+00:00,2026-05-09,18,italynorth.stt.speech.microsoft.com,10.376,10.343,10.483,0.039,0,False
2026-05-09 18:00:02.171699+00:00,2026-05-09,18,api.openai.com,1.116,1.082,1.203,0.033,0,False
2026-05-09 18:00:02.171699+00:00,2026-05-09,18,api.groq.com,1.7,1.646,1.817,0.05,0,False
2026-05-09 18:00:02.171699+00:00,2026-05-09,18,api.mistral.ai,1.077,1.017,1.341,0.092,0,False
2026-05-09 18:00:02.171699+00:00,2026-05-09,18,api.deepgram.com,139.211,139.158,139.36,0.058,0,False
2026-05-09 18:00:02.171699+00:00,2026-05-09,18,api.openai.com,1.121,1.078,1.244,0.055,0,False
2026-05-09 18:00:02.171699+00:00,2026-05-09,18,italynorth.tts.speech.microsoft.com,10.242,10.225,10.259,0.009,0,False
2026-05-10 00:00:02.077908+00:00,2026-05-10,0,api.deepgram.com,139.497,139.132,141.677,0.735,0,False
2026-05-10 00:00:02.077908+00:00,2026-05-10,0,api.rev.ai,,,,,100,True
2026-05-10 00:00:02.077908+00:00,2026-05-10,0,italynorth.stt.speech.microsoft.com,10.359,10.348,10.393,0.012,0,False
2026-05-10 00:00:02.077908+00:00,2026-05-10,0,api.openai.com,1.104,1.059,1.319,0.074,0,False
2026-05-10 00:00:02.077908+00:00,2026-05-10,0,api.groq.com,1.681,1.643,1.786,0.041,0,False
2026-05-10 00:00:02.077908+00:00,2026-05-10,0,api.mistral.ai,1.042,1.009,1.118,0.037,0,False
2026-05-10 00:00:02.077908+00:00,2026-05-10,0,api.deepgram.com,139.537,139.49,139.612,0.034,0,False
2026-05-10 00:00:02.077908+00:00,2026-05-10,0,api.openai.com,1.091,1.049,1.178,0.034,0,False
2026-05-10 00:00:02.077908+00:00,2026-05-10,0,italynorth.tts.speech.microsoft.com,10.246,10.22,10.31,0.024,0,False
2026-05-10 05:30:01.107078+00:00,2026-05-10,5,api.deepgram.com,149.495,149.455,149.537,0.022,0,False
2026-05-10 05:30:01.107078+00:00,2026-05-10,5,api.rev.ai,,,,,100,True
2026-05-10 05:30:01.107078+00:00,2026-05-10,5,italynorth.stt.speech.microsoft.com,10.368,10.35,10.397,0.016,0,False
2026-05-10 05:30:01.107078+00:00,2026-05-10,5,api.openai.com,1.351,1.273,1.578,0.089,0,False
2026-05-10 05:30:01.107078+00:00,2026-05-10,5,api.groq.com,1.489,1.449,1.541,0.024,0,False
2026-05-10 05:30:01.107078+00:00,2026-05-10,5,api.mistral.ai,1.289,1.257,1.419,0.048,0,False
2026-05-10 05:30:01.107078+00:00,2026-05-10,5,api.deepgram.com,149.502,149.427,149.943,0.148,0,False
2026-05-10 05:30:01.107078+00:00,2026-05-10,5,api.openai.com,1.31,1.278,1.358,0.026,0,False
2026-05-10 05:30:01.107078+00:00,2026-05-10,5,italynorth.tts.speech.microsoft.com,10.274,10.231,10.476,0.071,0,False
2026-05-10 06:00:01.800217+00:00,2026-05-10,6,api.deepgram.com,143.198,142.782,146.517,1.106,0,False
2026-05-10 06:00:01.800217+00:00,2026-05-10,6,api.rev.ai,,,,,100,True
2026-05-10 06:00:01.800217+00:00,2026-05-10,6,italynorth.stt.speech.microsoft.com,10.372,10.337,10.51,0.046,0,False
2026-05-10 06:00:01.800217+00:00,2026-05-10,6,api.openai.com,1.108,1.059,1.206,0.043,0,False
2026-05-10 06:00:01.800217+00:00,2026-05-10,6,api.groq.com,1.532,1.459,1.78,0.094,0,False
2026-05-10 06:00:01.800217+00:00,2026-05-10,6,api.mistral.ai,1.305,1.28,1.347,0.023,0,False
2026-05-10 06:00:01.800217+00:00,2026-05-10,6,api.deepgram.com,139.558,139.503,139.697,0.054,0,False
2026-05-10 06:00:01.800217+00:00,2026-05-10,6,api.openai.com,1.299,1.277,1.362,0.023,0,False
2026-05-10 06:00:01.800217+00:00,2026-05-10,6,italynorth.tts.speech.microsoft.com,10.259,10.223,10.353,0.037,0,False
2026-05-10 12:00:01.626225+00:00,2026-05-10,12,api.deepgram.com,139.315,139.243,139.496,0.074,0,False
2026-05-10 12:00:01.626225+00:00,2026-05-10,12,api.rev.ai,,,,,100,True
2026-05-10 12:00:01.626225+00:00,2026-05-10,12,italynorth.stt.speech.microsoft.com,10.378,10.355,10.471,0.032,0,False
2026-05-10 12:00:01.626225+00:00,2026-05-10,12,api.openai.com,1.091,1.051,1.152,0.036,0,False
2026-05-10 12:00:01.626225+00:00,2026-05-10,12,api.groq.com,1.519,1.469,1.571,0.034,0,False
2026-05-10 12:00:01.626225+00:00,2026-05-10,12,api.mistral.ai,1.359,1.29,1.527,0.085,0,False
2026-05-10 12:00:01.626225+00:00,2026-05-10,12,api.deepgram.com,139.29,139.227,139.348,0.039,0,False
2026-05-10 12:00:01.626225+00:00,2026-05-10,12,api.openai.com,1.323,1.283,1.416,0.036,0,False
2026-05-10 12:00:01.626225+00:00,2026-05-10,12,italynorth.tts.speech.microsoft.com,10.234,10.193,10.265,0.02,0,False
2026-05-10 18:00:02.092798+00:00,2026-05-10,18,api.deepgram.com,139.09,139.038,139.263,0.06,0,False
2026-05-10 18:00:02.092798+00:00,2026-05-10,18,api.rev.ai,,,,,100,True
2026-05-10 18:00:02.092798+00:00,2026-05-10,18,italynorth.stt.speech.microsoft.com,10.348,10.332,10.369,0.009,0,False
2026-05-10 18:00:02.092798+00:00,2026-05-10,18,api.openai.com,1.32,1.279,1.42,0.039,0,False
2026-05-10 18:00:02.092798+00:00,2026-05-10,18,api.groq.com,1.482,1.422,1.617,0.06,0,False
2026-05-10 18:00:02.092798+00:00,2026-05-10,18,api.mistral.ai,1.055,1.015,1.122,0.026,0,False
2026-05-10 18:00:02.092798+00:00,2026-05-10,18,api.deepgram.com,139.413,139.262,140.304,0.299,0,False
2026-05-10 18:00:02.092798+00:00,2026-05-10,18,api.openai.com,1.093,1.053,1.141,0.028,0,False
2026-05-10 18:00:02.092798+00:00,2026-05-10,18,italynorth.tts.speech.microsoft.com,10.214,10.186,10.243,0.017,0,False
2026-05-11 00:00:01.573171+00:00,2026-05-11,0,api.deepgram.com,149.459,149.373,149.646,0.074,0,False
2026-05-11 00:00:01.573171+00:00,2026-05-11,0,api.rev.ai,,,,,100,True
2026-05-11 00:00:01.573171+00:00,2026-05-11,0,italynorth.stt.speech.microsoft.com,10.349,10.336,10.393,0.015,0,False
2026-05-11 00:00:01.573171+00:00,2026-05-11,0,api.openai.com,1.111,1.057,1.37,0.088,0,False
2026-05-11 00:00:01.573171+00:00,2026-05-11,0,api.groq.com,1.232,1.178,1.326,0.039,0,False
2026-05-11 00:00:01.573171+00:00,2026-05-11,0,api.mistral.ai,1.047,0.993,1.106,0.032,0,False
2026-05-11 00:00:01.573171+00:00,2026-05-11,0,api.deepgram.com,139.403,139.264,139.588,0.087,0,False
2026-05-11 00:00:01.573171+00:00,2026-05-11,0,api.openai.com,1.287,1.265,1.318,0.015,0,False
2026-05-11 00:00:01.573171+00:00,2026-05-11,0,italynorth.tts.speech.microsoft.com,10.203,10.176,10.227,0.017,0,False
2026-05-11 05:30:01.796797+00:00,2026-05-11,5,api.deepgram.com,101.623,101.582,101.734,0.042,0,False
2026-05-11 05:30:01.796797+00:00,2026-05-11,5,api.rev.ai,,,,,100,True
2026-05-11 05:30:01.796797+00:00,2026-05-11,5,italynorth.stt.speech.microsoft.com,10.363,10.332,10.46,0.038,0,False
2026-05-11 05:30:01.796797+00:00,2026-05-11,5,api.openai.com,1.133,1.069,1.239,0.051,0,False
2026-05-11 05:30:01.796797+00:00,2026-05-11,5,api.groq.com,1.378,1.306,1.661,0.099,0,False
2026-05-11 05:30:01.796797+00:00,2026-05-11,5,api.mistral.ai,1.063,1.037,1.084,0.015,0,False
2026-05-11 05:30:01.796797+00:00,2026-05-11,5,api.deepgram.com,101.577,101.555,101.639,0.024,0,False
2026-05-11 05:30:01.796797+00:00,2026-05-11,5,api.openai.com,1.301,1.25,1.427,0.045,0,False
2026-05-11 05:30:01.796797+00:00,2026-05-11,5,italynorth.tts.speech.microsoft.com,10.194,10.176,10.226,0.016,0,False
2026-05-11 06:00:02.111891+00:00,2026-05-11,6,api.deepgram.com,150.033,149.352,155.676,1.881,0,False
2026-05-11 06:00:02.111891+00:00,2026-05-11,6,api.rev.ai,,,,,100,True
2026-05-11 06:00:02.111891+00:00,2026-05-11,6,italynorth.stt.speech.microsoft.com,10.347,10.335,10.37,0.01,0,False
2026-05-11 06:00:02.111891+00:00,2026-05-11,6,api.openai.com,1.319,1.262,1.38,0.034,0,False
2026-05-11 06:00:02.111891+00:00,2026-05-11,6,api.groq.com,1.28,1.204,1.725,0.152,0,False
2026-05-11 06:00:02.111891+00:00,2026-05-11,6,api.mistral.ai,1.04,1.004,1.095,0.03,0,False
2026-05-11 06:00:02.111891+00:00,2026-05-11,6,api.deepgram.com,149.277,149.238,149.358,0.04,0,False
2026-05-11 06:00:02.111891+00:00,2026-05-11,6,api.openai.com,1.166,1.074,1.703,0.182,0,False
2026-05-11 06:00:02.111891+00:00,2026-05-11,6,italynorth.tts.speech.microsoft.com,10.232,10.204,10.309,0.029,0,False
2026-05-11 12:00:01.343555+00:00,2026-05-11,12,api.deepgram.com,144.678,142.607,162.481,5.934,0,False
2026-05-11 12:00:01.343555+00:00,2026-05-11,12,api.rev.ai,,,,,100,True
2026-05-11 12:00:01.343555+00:00,2026-05-11,12,italynorth.stt.speech.microsoft.com,10.355,10.324,10.411,0.027,0,False
2026-05-11 12:00:01.343555+00:00,2026-05-11,12,api.openai.com,1.309,1.279,1.401,0.032,0,False
2026-05-11 12:00:01.343555+00:00,2026-05-11,12,api.groq.com,1.269,1.2,1.437,0.071,0,False
2026-05-11 12:00:01.343555+00:00,2026-05-11,12,api.mistral.ai,1.273,1.06,2.714,0.485,0,False
2026-05-11 12:00:01.343555+00:00,2026-05-11,12,api.deepgram.com,101.406,101.348,101.467,0.04,0,False
2026-05-11 12:00:01.343555+00:00,2026-05-11,12,api.openai.com,1.311,1.27,1.391,0.034,0,False
2026-05-11 12:00:01.343555+00:00,2026-05-11,12,italynorth.tts.speech.microsoft.com,10.235,10.188,10.401,0.057,0,False
2026-05-11 18:00:02.294649+00:00,2026-05-11,18,api.deepgram.com,142.721,142.637,142.878,0.08,0,False
2026-05-11 18:00:02.294649+00:00,2026-05-11,18,api.rev.ai,,,,,100,True
2026-05-11 18:00:02.294649+00:00,2026-05-11,18,italynorth.stt.speech.microsoft.com,10.387,10.335,10.613,0.082,0,False
2026-05-11 18:00:02.294649+00:00,2026-05-11,18,api.openai.com,1.36,1.275,1.588,0.088,0,False
2026-05-11 18:00:02.294649+00:00,2026-05-11,18,api.groq.com,0.92,0.837,1.095,0.084,0,False
2026-05-11 18:00:02.294649+00:00,2026-05-11,18,api.mistral.ai,1.272,1.172,1.492,0.097,0,False
2026-05-11 18:00:02.294649+00:00,2026-05-11,18,api.deepgram.com,138.97,138.875,139.14,0.077,0,False
2026-05-11 18:00:02.294649+00:00,2026-05-11,18,api.openai.com,1.139,1.089,1.292,0.055,0,False
2026-05-11 18:00:02.294649+00:00,2026-05-11,18,italynorth.tts.speech.microsoft.com,10.252,10.194,10.344,0.047,0,False
2026-05-12 00:00:01.875654+00:00,2026-05-12,0,api.deepgram.com,101.428,101.378,101.465,0.027,0,False
2026-05-12 00:00:01.875654+00:00,2026-05-12,0,api.rev.ai,,,,,100,True
2026-05-12 00:00:01.875654+00:00,2026-05-12,0,italynorth.stt.speech.microsoft.com,10.377,10.326,10.577,0.076,0,False
2026-05-12 00:00:01.875654+00:00,2026-05-12,0,api.openai.com,1.473,1.45,1.54,0.027,0,False
2026-05-12 00:00:01.875654+00:00,2026-05-12,0,api.groq.com,0.974,0.901,1.183,0.075,0,False
2026-05-12 00:00:01.875654+00:00,2026-05-12,0,api.mistral.ai,0.788,0.767,0.811,0.014,0,False
2026-05-12 00:00:01.875654+00:00,2026-05-12,0,api.deepgram.com,138.904,138.867,139.026,0.043,0,False
2026-05-12 00:00:01.875654+00:00,2026-05-12,0,api.openai.com,1.304,1.25,1.397,0.045,0,False
2026-05-12 00:00:01.875654+00:00,2026-05-12,0,italynorth.tts.speech.microsoft.com,10.601,10.573,10.708,0.038,0,False
2026-05-12 05:30:01.857692+00:00,2026-05-12,5,api.deepgram.com,101.862,101.796,102.224,0.122,0,False
2026-05-12 05:30:01.857692+00:00,2026-05-12,5,api.rev.ai,,,,,100,True
2026-05-12 05:30:01.857692+00:00,2026-05-12,5,italynorth.stt.speech.microsoft.com,10.353,10.333,10.435,0.028,0,False
2026-05-12 05:30:01.857692+00:00,2026-05-12,5,api.openai.com,1.212,1.15,1.364,0.061,0,False
2026-05-12 05:30:01.857692+00:00,2026-05-12,5,api.groq.com,1.25,1.199,1.393,0.053,0,False
2026-05-12 05:30:01.857692+00:00,2026-05-12,5,api.mistral.ai,0.803,0.774,0.841,0.022,0,False
2026-05-12 05:30:01.857692+00:00,2026-05-12,5,api.deepgram.com,143.287,143.258,143.328,0.019,0,False
2026-05-12 05:30:01.857692+00:00,2026-05-12,5,api.openai.com,1.09,1.052,1.143,0.03,0,False
2026-05-12 05:30:01.857692+00:00,2026-05-12,5,italynorth.tts.speech.microsoft.com,10.598,10.567,10.72,0.042,0,False
2026-05-12 06:00:01.354441+00:00,2026-05-12,6,api.deepgram.com,101.513,101.375,101.872,0.155,0,False
2026-05-12 06:00:01.354441+00:00,2026-05-12,6,api.rev.ai,,,,,100,True
2026-05-12 06:00:01.354441+00:00,2026-05-12,6,italynorth.stt.speech.microsoft.com,10.358,10.33,10.419,0.027,0,False
2026-05-12 06:00:01.354441+00:00,2026-05-12,6,api.openai.com,1.124,1.04,1.199,0.053,0,False
2026-05-12 06:00:01.354441+00:00,2026-05-12,6,api.groq.com,1.342,1.312,1.385,0.02,0,False
2026-05-12 06:00:01.354441+00:00,2026-05-12,6,api.mistral.ai,0.86,0.773,1.308,0.152,0,False
2026-05-12 06:00:01.354441+00:00,2026-05-12,6,api.deepgram.com,149.072,148.966,149.481,0.151,0,False
2026-05-12 06:00:01.354441+00:00,2026-05-12,6,api.openai.com,1.21,1.133,1.354,0.059,0,False
2026-05-12 06:00:01.354441+00:00,2026-05-12,6,italynorth.tts.speech.microsoft.com,10.602,10.575,10.621,0.015,0,False
2026-05-12 12:00:02.033317+00:00,2026-05-12,12,api.deepgram.com,101.499,101.39,102.041,0.183,0,False
2026-05-12 12:00:02.033317+00:00,2026-05-12,12,api.rev.ai,,,,,100,True
2026-05-12 12:00:02.033317+00:00,2026-05-12,12,italynorth.stt.speech.microsoft.com,10.352,10.323,10.388,0.017,0,False
2026-05-12 12:00:02.033317+00:00,2026-05-12,12,api.openai.com,1.325,1.279,1.411,0.042,0,False
2026-05-12 12:00:02.033317+00:00,2026-05-12,12,api.groq.com,1.556,1.494,1.659,0.055,0,False
2026-05-12 12:00:02.033317+00:00,2026-05-12,12,api.mistral.ai,0.98,0.883,1.417,0.149,0,False
2026-05-12 12:00:02.033317+00:00,2026-05-12,12,api.deepgram.com,146.175,146.106,146.57,0.132,0,False
2026-05-12 12:00:02.033317+00:00,2026-05-12,12,api.openai.com,1.332,1.254,1.396,0.045,0,False
2026-05-12 12:00:02.033317+00:00,2026-05-12,12,italynorth.tts.speech.microsoft.com,10.622,10.565,10.763,0.059,0,False
2026-05-12 18:00:01.807660+00:00,2026-05-12,18,api.deepgram.com,139.034,138.909,139.255,0.119,0,False
2026-05-12 18:00:01.807660+00:00,2026-05-12,18,api.rev.ai,,,,,100,True
2026-05-12 18:00:01.807660+00:00,2026-05-12,18,italynorth.stt.speech.microsoft.com,10.354,10.328,10.44,0.029,0,False
2026-05-12 18:00:01.807660+00:00,2026-05-12,18,api.openai.com,1.325,1.288,1.497,0.059,0,False
2026-05-12 18:00:01.807660+00:00,2026-05-12,18,api.groq.com,1.525,1.478,1.597,0.04,0,False
2026-05-12 18:00:01.807660+00:00,2026-05-12,18,api.mistral.ai,0.827,0.805,0.86,0.019,0,False
2026-05-12 18:00:01.807660+00:00,2026-05-12,18,api.deepgram.com,138.967,138.886,139.018,0.05,0,False
2026-05-12 18:00:01.807660+00:00,2026-05-12,18,api.openai.com,1.34,1.298,1.448,0.045,0,False
2026-05-12 18:00:01.807660+00:00,2026-05-12,18,italynorth.tts.speech.microsoft.com,10.471,10.453,10.496,0.012,0,False
2026-05-13 00:00:03.159997+00:00,2026-05-13,0,api.deepgram.com,102.064,101.577,106.073,1.336,0,False
2026-05-13 00:00:03.159997+00:00,2026-05-13,0,api.rev.ai,,,,,100,True
2026-05-13 00:00:03.159997+00:00,2026-05-13,0,italynorth.stt.speech.microsoft.com,10.342,10.315,10.4,0.023,0,False
2026-05-13 00:00:03.159997+00:00,2026-05-13,0,api.openai.com,1.182,1.159,1.216,0.017,0,False
2026-05-13 00:00:03.159997+00:00,2026-05-13,0,api.groq.com,1.086,0.985,1.347,0.107,0,False
2026-05-13 00:00:03.159997+00:00,2026-05-13,0,api.mistral.ai,0.802,0.769,0.866,0.027,0,False
2026-05-13 00:00:03.159997+00:00,2026-05-13,0,api.deepgram.com,542.609,377.469,600.994,59.754,0,False
2026-05-13 00:00:03.159997+00:00,2026-05-13,0,api.openai.com,1.182,1.157,1.223,0.019,0,False
2026-05-13 00:00:03.159997+00:00,2026-05-13,0,italynorth.tts.speech.microsoft.com,10.699,10.651,10.77,0.031,0,False
2026-05-13 05:30:02.305193+00:00,2026-05-13,5,api.deepgram.com,138.722,138.667,138.774,0.031,0,False
2026-05-13 05:30:02.305193+00:00,2026-05-13,5,api.rev.ai,,,,,100,True
2026-05-13 05:30:02.305193+00:00,2026-05-13,5,italynorth.stt.speech.microsoft.com,10.722,10.582,11.418,0.246,0,False
2026-05-13 05:30:02.305193+00:00,2026-05-13,5,api.openai.com,1.097,1.051,1.226,0.06,0,False
2026-05-13 05:30:02.305193+00:00,2026-05-13,5,api.groq.com,1.377,1.326,1.482,0.052,0,False
2026-05-13 05:30:02.305193+00:00,2026-05-13,5,api.mistral.ai,0.712,0.638,0.853,0.056,0,False
2026-05-13 05:30:02.305193+00:00,2026-05-13,5,api.deepgram.com,138.9,138.859,138.96,0.032,0,False
2026-05-13 05:30:02.305193+00:00,2026-05-13,5,api.openai.com,1.366,1.294,1.606,0.082,0,False
2026-05-13 05:30:02.305193+00:00,2026-05-13,5,italynorth.tts.speech.microsoft.com,10.8,10.775,10.824,0.016,0,False
2026-05-13 06:00:02.951364+00:00,2026-05-13,6,api.deepgram.com,139.771,138.679,147.916,2.719,0,False
2026-05-13 06:00:02.951364+00:00,2026-05-13,6,api.rev.ai,,,,,100,True
2026-05-13 06:00:02.951364+00:00,2026-05-13,6,italynorth.stt.speech.microsoft.com,10.737,10.701,10.803,0.036,0,False
2026-05-13 06:00:02.951364+00:00,2026-05-13,6,api.openai.com,1.347,1.305,1.477,0.049,0,False
2026-05-13 06:00:02.951364+00:00,2026-05-13,6,api.groq.com,1.266,1.203,1.511,0.085,0,False
2026-05-13 06:00:02.951364+00:00,2026-05-13,6,api.mistral.ai,0.692,0.658,0.812,0.043,0,False
2026-05-13 06:00:02.951364+00:00,2026-05-13,6,api.deepgram.com,138.764,138.693,138.872,0.055,0,False
2026-05-13 06:00:02.951364+00:00,2026-05-13,6,api.openai.com,1.083,1.042,1.165,0.042,0,False
2026-05-13 06:00:02.951364+00:00,2026-05-13,6,italynorth.tts.speech.microsoft.com,10.061,10.041,10.077,0.011,0,False
2026-05-13 12:00:01.256208+00:00,2026-05-13,12,api.deepgram.com,139.052,138.93,139.776,0.242,0,False
2026-05-13 12:00:01.256208+00:00,2026-05-13,12,api.rev.ai,,,,,100,True
2026-05-13 12:00:01.256208+00:00,2026-05-13,12,italynorth.stt.speech.microsoft.com,10.367,10.337,10.423,0.03,0,False
2026-05-13 12:00:01.256208+00:00,2026-05-13,12,api.openai.com,1.474,1.434,1.583,0.041,0,False
2026-05-13 12:00:01.256208+00:00,2026-05-13,12,api.groq.com,1.69,0.973,7.158,1.825,0,False
2026-05-13 12:00:01.256208+00:00,2026-05-13,12,api.mistral.ai,0.846,0.787,0.965,0.056,0,False
2026-05-13 12:00:01.256208+00:00,2026-05-13,12,api.deepgram.com,143.447,143.117,145.741,0.768,0,False
2026-05-13 12:00:01.256208+00:00,2026-05-13,12,api.openai.com,1.375,1.33,1.56,0.064,0,False
2026-05-13 12:00:01.256208+00:00,2026-05-13,12,italynorth.tts.speech.microsoft.com,10.689,10.665,10.709,0.013,0,False
2026-05-13 18:00:01.445922+00:00,2026-05-13,18,api.deepgram.com,139.054,138.974,139.144,0.047,0,False
2026-05-13 18:00:01.445922+00:00,2026-05-13,18,api.rev.ai,,,,,100,True
2026-05-13 18:00:01.445922+00:00,2026-05-13,18,italynorth.stt.speech.microsoft.com,10.402,10.334,10.686,0.104,0,False
2026-05-13 18:00:01.445922+00:00,2026-05-13,18,api.openai.com,1.257,1.195,1.315,0.04,0,False
2026-05-13 18:00:01.445922+00:00,2026-05-13,18,api.groq.com,1.21,0.94,2.822,0.54,0,False
2026-05-13 18:00:01.445922+00:00,2026-05-13,18,api.mistral.ai,0.973,0.907,1.094,0.046,0,False
2026-05-13 18:00:01.445922+00:00,2026-05-13,18,api.deepgram.com,101.846,101.798,101.905,0.028,0,False
2026-05-13 18:00:01.445922+00:00,2026-05-13,18,api.openai.com,1.242,1.193,1.386,0.052,0,False
2026-05-13 18:00:01.445922+00:00,2026-05-13,18,italynorth.tts.speech.microsoft.com,10.693,10.653,10.729,0.018,0,False
2026-05-14 00:00:02.453922+00:00,2026-05-14,0,api.deepgram.com,143.537,143.347,144.101,0.233,0,False
2026-05-14 00:00:02.453922+00:00,2026-05-14,0,api.rev.ai,,,,,100,True
2026-05-14 00:00:02.453922+00:00,2026-05-14,0,italynorth.stt.speech.microsoft.com,16.117,16.087,16.253,0.046,0,False
2026-05-14 00:00:02.453922+00:00,2026-05-14,0,api.openai.com,1.212,1.176,1.308,0.038,0,False
2026-05-14 00:00:02.453922+00:00,2026-05-14,0,api.groq.com,1.0,0.951,1.148,0.058,0,False
2026-05-14 00:00:02.453922+00:00,2026-05-14,0,api.mistral.ai,0.925,0.899,0.963,0.017,0,False
2026-05-14 00:00:02.453922+00:00,2026-05-14,0,api.deepgram.com,143.468,143.373,143.753,0.127,0,False
2026-05-14 00:00:02.453922+00:00,2026-05-14,0,api.openai.com,0.895,0.831,0.984,0.045,0,False
2026-05-14 00:00:02.453922+00:00,2026-05-14,0,italynorth.tts.speech.microsoft.com,10.915,10.882,10.982,0.027,0,False
2026-05-14 05:30:01.810084+00:00,2026-05-14,5,api.deepgram.com,142.996,142.964,143.08,0.032,0,False
2026-05-14 05:30:01.810084+00:00,2026-05-14,5,api.rev.ai,,,,,100,True
2026-05-14 05:30:01.810084+00:00,2026-05-14,5,italynorth.stt.speech.microsoft.com,10.455,10.423,10.52,0.032,0,False
2026-05-14 05:30:01.810084+00:00,2026-05-14,5,api.openai.com,1.061,1.03,1.137,0.034,0,False
2026-05-14 05:30:01.810084+00:00,2026-05-14,5,api.groq.com,1.163,1.053,1.333,0.094,0,False
2026-05-14 05:30:01.810084+00:00,2026-05-14,5,api.mistral.ai,1.4,1.351,1.48,0.033,0,False
2026-05-14 05:30:01.810084+00:00,2026-05-14,5,api.deepgram.com,149.016,148.972,149.221,0.07,0,False
2026-05-14 05:30:01.810084+00:00,2026-05-14,5,api.openai.com,1.409,1.295,1.554,0.073,0,False
2026-05-14 05:30:01.810084+00:00,2026-05-14,5,italynorth.tts.speech.microsoft.com,10.922,10.893,10.974,0.022,0,False
2026-05-14 06:00:01.270421+00:00,2026-05-14,6,api.deepgram.com,138.98,138.857,139.723,0.249,0,False
2026-05-14 06:00:01.270421+00:00,2026-05-14,6,api.rev.ai,,,,,100,True
2026-05-14 06:00:01.270421+00:00,2026-05-14,6,italynorth.stt.speech.microsoft.com,10.361,10.338,10.41,0.023,0,False
2026-05-14 06:00:01.270421+00:00,2026-05-14,6,api.openai.com,1.245,1.166,1.531,0.101,0,False
2026-05-14 06:00:01.270421+00:00,2026-05-14,6,api.groq.com,1.175,1.058,1.802,0.211,0,False
2026-05-14 06:00:01.270421+00:00,2026-05-14,6,api.mistral.ai,1.021,0.87,1.741,0.245,0,False
2026-05-14 06:00:01.270421+00:00,2026-05-14,6,api.deepgram.com,101.427,101.357,101.605,0.071,0,False
2026-05-14 06:00:01.270421+00:00,2026-05-14,6,api.openai.com,1.216,1.146,1.362,0.073,0,False
2026-05-14 06:00:01.270421+00:00,2026-05-14,6,italynorth.tts.speech.microsoft.com,10.809,10.776,10.856,0.021,0,False
2026-05-14 12:00:02.298814+00:00,2026-05-14,12,api.deepgram.com,101.752,101.681,101.945,0.075,0,False
2026-05-14 12:00:02.298814+00:00,2026-05-14,12,api.rev.ai,,,,,100,True
2026-05-14 12:00:02.298814+00:00,2026-05-14,12,italynorth.stt.speech.microsoft.com,10.355,10.33,10.452,0.033,0,False
2026-05-14 12:00:02.298814+00:00,2026-05-14,12,api.openai.com,1.091,1.047,1.209,0.048,0,False
2026-05-14 12:00:02.298814+00:00,2026-05-14,12,api.groq.com,1.093,1.062,1.199,0.037,0,False
2026-05-14 12:00:02.298814+00:00,2026-05-14,12,api.mistral.ai,1.49,1.422,1.634,0.074,0,False
2026-05-14 12:00:02.298814+00:00,2026-05-14,12,api.deepgram.com,144.898,144.187,145.733,0.628,0,False
2026-05-14 12:00:02.298814+00:00,2026-05-14,12,api.openai.com,1.089,1.036,1.188,0.05,0,False
2026-05-14 12:00:02.298814+00:00,2026-05-14,12,italynorth.tts.speech.microsoft.com,10.815,10.789,10.859,0.019,0,False
2026-05-14 18:00:01.379993+00:00,2026-05-14,18,api.deepgram.com,139.297,139.153,139.808,0.177,0,False
2026-05-14 18:00:01.379993+00:00,2026-05-14,18,api.rev.ai,,,,,100,True
2026-05-14 18:00:01.379993+00:00,2026-05-14,18,italynorth.stt.speech.microsoft.com,10.708,10.686,10.77,0.022,0,False
2026-05-14 18:00:01.379993+00:00,2026-05-14,18,api.openai.com,1.09,1.017,1.261,0.066,0,False
2026-05-14 18:00:01.379993+00:00,2026-05-14,18,api.groq.com,1.133,1.068,1.47,0.115,0,False
2026-05-14 18:00:01.379993+00:00,2026-05-14,18,api.mistral.ai,0.969,0.902,1.054,0.048,0,False
2026-05-14 18:00:01.379993+00:00,2026-05-14,18,api.deepgram.com,101.672,101.343,103.57,0.652,0,False
2026-05-14 18:00:01.379993+00:00,2026-05-14,18,api.openai.com,1.517,1.438,1.665,0.067,0,False
2026-05-14 18:00:01.379993+00:00,2026-05-14,18,italynorth.tts.speech.microsoft.com,10.929,10.889,11.01,0.031,0,False
2026-05-15 00:00:01.329137+00:00,2026-05-15,0,api.deepgram.com,140.123,139.469,143.64,1.274,0,False
2026-05-15 00:00:01.329137+00:00,2026-05-15,0,api.rev.ai,,,,,100,True
2026-05-15 00:00:01.329137+00:00,2026-05-15,0,italynorth.stt.speech.microsoft.com,10.713,10.693,10.77,0.02,0,False
2026-05-15 00:00:01.329137+00:00,2026-05-15,0,api.openai.com,1.076,1.009,1.134,0.042,0,False
2026-05-15 00:00:01.329137+00:00,2026-05-15,0,api.groq.com,0.756,0.723,0.839,0.038,0,False
2026-05-15 00:00:01.329137+00:00,2026-05-15,0,api.mistral.ai,0.942,0.887,1.13,0.065,0,False
2026-05-15 00:00:01.329137+00:00,2026-05-15,0,api.deepgram.com,139.505,139.457,139.568,0.042,0,False
2026-05-15 00:00:01.329137+00:00,2026-05-15,0,api.openai.com,1.04,1.025,1.058,0.011,0,False
2026-05-15 00:00:01.329137+00:00,2026-05-15,0,italynorth.tts.speech.microsoft.com,10.81,10.783,10.845,0.018,0,False
2026-05-15 05:30:02.182706+00:00,2026-05-15,5,api.deepgram.com,101.389,101.355,101.494,0.039,0,False
2026-05-15 05:30:02.182706+00:00,2026-05-15,5,api.rev.ai,,,,,100,True
2026-05-15 05:30:02.182706+00:00,2026-05-15,5,italynorth.stt.speech.microsoft.com,10.595,10.566,10.657,0.025,0,False
2026-05-15 05:30:02.182706+00:00,2026-05-15,5,api.openai.com,1.4,1.323,1.564,0.081,0,False
2026-05-15 05:30:02.182706+00:00,2026-05-15,5,api.groq.com,0.771,0.698,0.91,0.066,0,False
2026-05-15 05:30:02.182706+00:00,2026-05-15,5,api.mistral.ai,0.976,0.916,1.111,0.059,0,False
2026-05-15 05:30:02.182706+00:00,2026-05-15,5,api.deepgram.com,139.021,138.933,139.097,0.041,0,False
2026-05-15 05:30:02.182706+00:00,2026-05-15,5,api.openai.com,1.063,1.036,1.1,0.021,0,False
2026-05-15 05:30:02.182706+00:00,2026-05-15,5,italynorth.tts.speech.microsoft.com,10.815,10.786,10.951,0.046,0,False
2026-05-15 06:00:02.325053+00:00,2026-05-15,6,api.deepgram.com,148.997,148.952,149.103,0.04,0,False
2026-05-15 06:00:02.325053+00:00,2026-05-15,6,api.rev.ai,,,,,100,True
2026-05-15 06:00:02.325053+00:00,2026-05-15,6,italynorth.stt.speech.microsoft.com,10.708,10.686,10.783,0.03,0,False
2026-05-15 06:00:02.325053+00:00,2026-05-15,6,api.openai.com,1.452,1.425,1.485,0.023,0,False
2026-05-15 06:00:02.325053+00:00,2026-05-15,6,api.groq.com,1.094,1.042,1.232,0.049,0,False
2026-05-15 06:00:02.325053+00:00,2026-05-15,6,api.mistral.ai,1.312,1.265,1.396,0.045,0,False
2026-05-15 06:00:02.325053+00:00,2026-05-15,6,api.deepgram.com,101.451,101.422,101.519,0.029,0,False
2026-05-15 06:00:02.325053+00:00,2026-05-15,6,api.openai.com,1.058,1.012,1.164,0.042,0,False
2026-05-15 06:00:02.325053+00:00,2026-05-15,6,italynorth.tts.speech.microsoft.com,10.906,10.884,10.927,0.014,0,False
2026-05-15 12:00:01.526787+00:00,2026-05-15,12,api.deepgram.com,149.845,149.04,150.497,0.491,0,False
2026-05-15 12:00:01.526787+00:00,2026-05-15,12,api.rev.ai,,,,,100,True
2026-05-15 12:00:01.526787+00:00,2026-05-15,12,italynorth.stt.speech.microsoft.com,10.333,10.321,10.351,0.008,0,False
2026-05-15 12:00:01.526787+00:00,2026-05-15,12,api.openai.com,1.084,1.022,1.228,0.057,0,False
2026-05-15 12:00:01.526787+00:00,2026-05-15,12,api.groq.com,1.129,1.053,1.183,0.036,0,False
2026-05-15 12:00:01.526787+00:00,2026-05-15,12,api.mistral.ai,1.321,1.283,1.37,0.032,0,False
2026-05-15 12:00:01.526787+00:00,2026-05-15,12,api.deepgram.com,139.571,139.2,141.358,0.621,0,False
2026-05-15 12:00:01.526787+00:00,2026-05-15,12,api.openai.com,1.072,1.023,1.12,0.029,0,False
2026-05-15 12:00:01.526787+00:00,2026-05-15,12,italynorth.tts.speech.microsoft.com,10.932,10.903,10.995,0.027,0,False
2026-05-15 18:00:01.343117+00:00,2026-05-15,18,api.deepgram.com,140.482,138.635,154.993,4.85,0,False
2026-05-15 18:00:01.343117+00:00,2026-05-15,18,api.rev.ai,,,,,100,True
2026-05-15 18:00:01.343117+00:00,2026-05-15,18,italynorth.stt.speech.microsoft.com,10.388,10.364,10.479,0.032,0,False
2026-05-15 18:00:01.343117+00:00,2026-05-15,18,api.openai.com,1.372,1.308,1.495,0.052,0,False
2026-05-15 18:00:01.343117+00:00,2026-05-15,18,api.groq.com,1.051,0.94,1.541,0.173,0,False
2026-05-15 18:00:01.343117+00:00,2026-05-15,18,api.mistral.ai,0.98,0.927,1.152,0.069,0,False
2026-05-15 18:00:01.343117+00:00,2026-05-15,18,api.deepgram.com,101.411,101.351,101.495,0.045,0,False
2026-05-15 18:00:01.343117+00:00,2026-05-15,18,api.openai.com,1.066,1.042,1.102,0.016,0,False
2026-05-15 18:00:01.343117+00:00,2026-05-15,18,italynorth.tts.speech.microsoft.com,10.802,10.776,10.844,0.02,0,False
2026-05-16 00:00:02.376776+00:00,2026-05-16,0,api.deepgram.com,101.399,101.324,101.628,0.081,0,False
2026-05-16 00:00:02.376776+00:00,2026-05-16,0,api.rev.ai,,,,,100,True
2026-05-16 00:00:02.376776+00:00,2026-05-16,0,italynorth.stt.speech.microsoft.com,10.629,10.599,10.822,0.064,0,False
2026-05-16 00:00:02.376776+00:00,2026-05-16,0,api.openai.com,1.199,1.152,1.3,0.041,0,False
2026-05-16 00:00:02.376776+00:00,2026-05-16,0,api.groq.com,0.991,0.943,1.037,0.026,0,False
2026-05-16 00:00:02.376776+00:00,2026-05-16,0,api.mistral.ai,0.796,0.749,0.854,0.034,0,False
2026-05-16 00:00:02.376776+00:00,2026-05-16,0,api.deepgram.com,143.172,143.055,143.867,0.233,0,False
2026-05-16 00:00:02.376776+00:00,2026-05-16,0,api.openai.com,1.357,1.31,1.42,0.033,0,False
2026-05-16 00:00:02.376776+00:00,2026-05-16,0,italynorth.tts.speech.microsoft.com,10.827,10.769,11.008,0.062,0,False
2026-05-16 05:30:01.107516+00:00,2026-05-16,5,api.deepgram.com,102.069,102.033,102.142,0.036,0,False
2026-05-16 05:30:01.107516+00:00,2026-05-16,5,api.rev.ai,,,,,100,True
2026-05-16 05:30:01.107516+00:00,2026-05-16,5,italynorth.stt.speech.microsoft.com,10.566,10.548,10.611,0.016,0,False
2026-05-16 05:30:01.107516+00:00,2026-05-16,5,api.openai.com,1.188,1.136,1.224,0.025,0,False
2026-05-16 05:30:01.107516+00:00,2026-05-16,5,api.groq.com,1.453,1.432,1.499,0.022,0,False
2026-05-16 05:30:01.107516+00:00,2026-05-16,5,api.mistral.ai,1.303,1.234,1.431,0.059,0,False
2026-05-16 05:30:01.107516+00:00,2026-05-16,5,api.deepgram.com,142.73,142.702,142.871,0.047,0,False
2026-05-16 05:30:01.107516+00:00,2026-05-16,5,api.openai.com,1.171,1.139,1.291,0.041,0,False
2026-05-16 05:30:01.107516+00:00,2026-05-16,5,italynorth.tts.speech.microsoft.com,10.555,10.515,10.602,0.022,0,False
2026-05-16 06:00:02.256735+00:00,2026-05-16,6,api.deepgram.com,139.96,138.953,148.417,2.819,0,False
2026-05-16 06:00:02.256735+00:00,2026-05-16,6,api.rev.ai,,,,,100,True
2026-05-16 06:00:02.256735+00:00,2026-05-16,6,italynorth.stt.speech.microsoft.com,10.572,10.539,10.656,0.031,0,False
2026-05-16 06:00:02.256735+00:00,2026-05-16,6,api.openai.com,1.437,1.419,1.463,0.013,0,False
2026-05-16 06:00:02.256735+00:00,2026-05-16,6,api.groq.com,1.447,1.416,1.484,0.019,0,False
2026-05-16 06:00:02.256735+00:00,2026-05-16,6,api.mistral.ai,1.074,0.9,2.424,0.45,0,False
2026-05-16 06:00:02.256735+00:00,2026-05-16,6,api.deepgram.com,149.084,148.964,149.863,0.26,0,False
2026-05-16 06:00:02.256735+00:00,2026-05-16,6,api.openai.com,1.47,1.447,1.503,0.019,0,False
2026-05-16 06:00:02.256735+00:00,2026-05-16,6,italynorth.tts.speech.microsoft.com,10.248,10.228,10.349,0.034,0,False
2026-05-16 12:00:01.572387+00:00,2026-05-16,12,api.deepgram.com,142.771,142.64,143.39,0.214,0,False
2026-05-16 12:00:01.572387+00:00,2026-05-16,12,api.rev.ai,,,,,100,True
2026-05-16 12:00:01.572387+00:00,2026-05-16,12,italynorth.stt.speech.microsoft.com,10.367,10.35,10.437,0.024,0,False
2026-05-16 12:00:01.572387+00:00,2026-05-16,12,api.openai.com,1.36,1.316,1.408,0.028,0,False
2026-05-16 12:00:01.572387+00:00,2026-05-16,12,api.groq.com,1.361,1.318,1.455,0.039,0,False
2026-05-16 12:00:01.572387+00:00,2026-05-16,12,api.mistral.ai,1.436,1.36,1.553,0.047,0,False
2026-05-16 12:00:01.572387+00:00,2026-05-16,12,api.deepgram.com,142.779,142.584,144.171,0.464,0,False
2026-05-16 12:00:01.572387+00:00,2026-05-16,12,api.openai.com,1.396,1.311,1.512,0.066,0,False
2026-05-16 12:00:01.572387+00:00,2026-05-16,12,italynorth.tts.speech.microsoft.com,10.926,10.902,10.963,0.019,0,False
2026-05-16 18:00:02.187947+00:00,2026-05-16,18,api.deepgram.com,139.369,138.965,141.375,0.723,0,False
2026-05-16 18:00:02.187947+00:00,2026-05-16,18,api.rev.ai,,,,,100,True
2026-05-16 18:00:02.187947+00:00,2026-05-16,18,italynorth.stt.speech.microsoft.com,10.582,10.549,10.659,0.04,0,False
2026-05-16 18:00:02.187947+00:00,2026-05-16,18,api.openai.com,1.369,1.323,1.493,0.048,0,False
2026-05-16 18:00:02.187947+00:00,2026-05-16,18,api.groq.com,0.762,0.713,0.823,0.041,0,False
2026-05-16 18:00:02.187947+00:00,2026-05-16,18,api.mistral.ai,2.807,0.906,19.312,5.501,0,False
2026-05-16 18:00:02.187947+00:00,2026-05-16,18,api.deepgram.com,101.495,101.429,101.672,0.067,0,False
2026-05-16 18:00:02.187947+00:00,2026-05-16,18,api.openai.com,1.087,1.025,1.25,0.067,0,False
2026-05-16 18:00:02.187947+00:00,2026-05-16,18,italynorth.tts.speech.microsoft.com,10.155,10.094,10.281,0.057,0,False
2026-05-17 00:00:02.376700+00:00,2026-05-17,0,api.deepgram.com,138.882,138.785,139.078,0.074,0,False
2026-05-17 00:00:02.376700+00:00,2026-05-17,0,api.rev.ai,,,,,100,True
2026-05-17 00:00:02.376700+00:00,2026-05-17,0,italynorth.stt.speech.microsoft.com,10.627,10.608,10.664,0.016,0,False
2026-05-17 00:00:02.376700+00:00,2026-05-17,0,api.openai.com,1.113,1.02,1.347,0.088,0,False
2026-05-17 00:00:02.376700+00:00,2026-05-17,0,api.groq.com,0.717,0.7,0.743,0.013,0,False
2026-05-17 00:00:02.376700+00:00,2026-05-17,0,api.mistral.ai,0.922,0.894,0.975,0.023,0,False
2026-05-17 00:00:02.376700+00:00,2026-05-17,0,api.deepgram.com,138.957,138.903,139.085,0.053,0,False
2026-05-17 00:00:02.376700+00:00,2026-05-17,0,api.openai.com,1.057,1.012,1.237,0.06,0,False
2026-05-17 00:00:02.376700+00:00,2026-05-17,0,italynorth.tts.speech.microsoft.com,10.816,10.786,10.86,0.021,0,False
2026-05-17 05:30:01.581851+00:00,2026-05-17,5,api.deepgram.com,142.675,142.636,142.824,0.051,0,False
2026-05-17 05:30:01.581851+00:00,2026-05-17,5,api.rev.ai,,,,,100,True
2026-05-17 05:30:01.581851+00:00,2026-05-17,5,italynorth.stt.speech.microsoft.com,10.352,10.331,10.372,0.011,0,False
2026-05-17 05:30:01.581851+00:00,2026-05-17,5,api.openai.com,0.962,0.927,1.068,0.036,0,False
2026-05-17 05:30:01.581851+00:00,2026-05-17,5,api.groq.com,1.331,1.305,1.374,0.022,0,False
2026-05-17 05:30:01.581851+00:00,2026-05-17,5,api.mistral.ai,0.932,0.901,0.955,0.017,0,False
2026-05-17 05:30:01.581851+00:00,2026-05-17,5,api.deepgram.com,148.984,148.955,149.052,0.029,0,False
2026-05-17 05:30:01.581851+00:00,2026-05-17,5,api.openai.com,1.051,1.026,1.138,0.033,0,False
2026-05-17 05:30:01.581851+00:00,2026-05-17,5,italynorth.tts.speech.microsoft.com,10.336,10.301,10.371,0.02,0,False
2026-05-17 06:00:02.083498+00:00,2026-05-17,6,api.deepgram.com,102.574,102.029,105.941,1.175,0,False
2026-05-17 06:00:02.083498+00:00,2026-05-17,6,api.rev.ai,,,,,100,True
2026-05-17 06:00:02.083498+00:00,2026-05-17,6,italynorth.stt.speech.microsoft.com,10.344,10.326,10.36,0.011,0,False
2026-05-17 06:00:02.083498+00:00,2026-05-17,6,api.openai.com,0.976,0.935,1.065,0.039,0,False
2026-05-17 06:00:02.083498+00:00,2026-05-17,6,api.groq.com,1.345,1.295,1.436,0.042,0,False
2026-05-17 06:00:02.083498+00:00,2026-05-17,6,api.mistral.ai,0.921,0.885,0.962,0.022,0,False
2026-05-17 06:00:02.083498+00:00,2026-05-17,6,api.deepgram.com,102.046,102.005,102.124,0.038,0,False
2026-05-17 06:00:02.083498+00:00,2026-05-17,6,api.openai.com,1.081,1.018,1.197,0.048,0,False
2026-05-17 06:00:02.083498+00:00,2026-05-17,6,italynorth.tts.speech.microsoft.com,10.429,10.402,10.467,0.015,0,False
2026-05-17 12:00:01.093899+00:00,2026-05-17,12,api.deepgram.com,139.321,139.214,139.56,0.099,0,False
2026-05-17 12:00:01.093899+00:00,2026-05-17,12,api.rev.ai,,,,,100,True
2026-05-17 12:00:01.093899+00:00,2026-05-17,12,italynorth.stt.speech.microsoft.com,10.357,10.339,10.381,0.015,0,False
2026-05-17 12:00:01.093899+00:00,2026-05-17,12,api.openai.com,1.085,1.032,1.156,0.048,0,False
2026-05-17 12:00:01.093899+00:00,2026-05-17,12,api.groq.com,0.753,0.713,0.819,0.035,0,False
2026-05-17 12:00:01.093899+00:00,2026-05-17,12,api.mistral.ai,0.901,0.876,0.935,0.02,0,False
2026-05-17 12:00:01.093899+00:00,2026-05-17,12,api.deepgram.com,142.691,142.624,142.899,0.076,0,False
2026-05-17 12:00:01.093899+00:00,2026-05-17,12,api.openai.com,1.082,1.046,1.138,0.031,0,False
2026-05-17 12:00:01.093899+00:00,2026-05-17,12,italynorth.tts.speech.microsoft.com,10.452,10.425,10.508,0.025,0,False
2026-05-17 18:00:03.462511+00:00,2026-05-17,18,api.deepgram.com,102.306,102.036,103.644,0.477,0,False
2026-05-17 18:00:03.462511+00:00,2026-05-17,18,api.rev.ai,,,,,100,True
2026-05-17 18:00:03.462511+00:00,2026-05-17,18,italynorth.stt.speech.microsoft.com,10.351,10.337,10.401,0.018,0,False
2026-05-17 18:00:03.462511+00:00,2026-05-17,18,api.openai.com,1.06,1.032,1.08,0.014,0,False
2026-05-17 18:00:03.462511+00:00,2026-05-17,18,api.groq.com,0.728,0.692,0.762,0.02,0,False
2026-05-17 18:00:03.462511+00:00,2026-05-17,18,api.mistral.ai,0.947,0.889,1.037,0.04,0,False
2026-05-17 18:00:03.462511+00:00,2026-05-17,18,api.deepgram.com,142.654,142.618,142.697,0.028,0,False
2026-05-17 18:00:03.462511+00:00,2026-05-17,18,api.openai.com,1.372,1.315,1.57,0.07,0,False
2026-05-17 18:00:03.462511+00:00,2026-05-17,18,italynorth.tts.speech.microsoft.com,10.434,10.422,10.454,0.01,0,False
2026-05-18 00:00:02.592892+00:00,2026-05-18,0,api.deepgram.com,149.143,148.999,149.95,0.272,0,False
2026-05-18 00:00:02.592892+00:00,2026-05-18,0,api.rev.ai,,,,,100,True
2026-05-18 00:00:02.592892+00:00,2026-05-18,0,italynorth.stt.speech.microsoft.com,10.24,10.214,10.299,0.024,0,False
2026-05-18 00:00:02.592892+00:00,2026-05-18,0,api.openai.com,1.08,1.021,1.174,0.056,0,False
2026-05-18 00:00:02.592892+00:00,2026-05-18,0,api.groq.com,1.328,1.306,1.386,0.022,0,False
2026-05-18 00:00:02.592892+00:00,2026-05-18,0,api.mistral.ai,0.921,0.883,0.99,0.032,0,False
2026-05-18 00:00:02.592892+00:00,2026-05-18,0,api.deepgram.com,139.26,139.096,139.766,0.185,0,False
2026-05-18 00:00:02.592892+00:00,2026-05-18,0,api.openai.com,1.449,1.419,1.492,0.023,0,False
2026-05-18 00:00:02.592892+00:00,2026-05-18,0,italynorth.tts.speech.microsoft.com,10.071,10.059,10.085,0.006,0,False
2026-05-18 05:30:01.257857+00:00,2026-05-18,5,api.deepgram.com,155.133,155.097,155.188,0.03,0,False
2026-05-18 05:30:01.257857+00:00,2026-05-18,5,api.rev.ai,,,,,100,True
2026-05-18 05:30:01.257857+00:00,2026-05-18,5,italynorth.stt.speech.microsoft.com,10.243,10.184,10.365,0.056,0,False
2026-05-18 05:30:01.257857+00:00,2026-05-18,5,api.openai.com,1.477,1.415,1.65,0.076,0,False
2026-05-18 05:30:01.257857+00:00,2026-05-18,5,api.groq.com,1.355,1.296,1.478,0.046,0,False
2026-05-18 05:30:01.257857+00:00,2026-05-18,5,api.mistral.ai,1.299,1.258,1.396,0.038,0,False
2026-05-18 05:30:01.257857+00:00,2026-05-18,5,api.deepgram.com,153.384,153.341,153.457,0.034,0,False
2026-05-18 05:30:01.257857+00:00,2026-05-18,5,api.openai.com,1.177,1.134,1.228,0.027,0,False
2026-05-18 05:30:01.257857+00:00,2026-05-18,5,italynorth.tts.speech.microsoft.com,10.351,10.313,10.445,0.035,0,False
2026-05-18 06:00:01.841157+00:00,2026-05-18,6,api.deepgram.com,153.67,153.591,153.768,0.043,0,False
2026-05-18 06:00:01.841157+00:00,2026-05-18,6,api.rev.ai,,,,,100,True
2026-05-18 06:00:01.841157+00:00,2026-05-18,6,italynorth.stt.speech.microsoft.com,10.241,10.206,10.42,0.06,0,False
2026-05-18 06:00:01.841157+00:00,2026-05-18,6,api.openai.com,1.508,1.428,1.723,0.088,0,False
2026-05-18 06:00:01.841157+00:00,2026-05-18,6,api.groq.com,1.358,1.305,1.443,0.039,0,False
2026-05-18 06:00:01.841157+00:00,2026-05-18,6,api.mistral.ai,1.31,1.245,1.39,0.044,0,False
2026-05-18 06:00:01.841157+00:00,2026-05-18,6,api.deepgram.com,161.788,161.75,161.839,0.027,0,False
2026-05-18 06:00:01.841157+00:00,2026-05-18,6,api.openai.com,1.46,1.423,1.521,0.031,0,False
2026-05-18 06:00:01.841157+00:00,2026-05-18,6,italynorth.tts.speech.microsoft.com,10.441,10.422,10.477,0.015,0,False
2026-05-18 12:00:01.953848+00:00,2026-05-18,12,api.deepgram.com,138.632,138.601,138.695,0.034,0,False
2026-05-18 12:00:01.953848+00:00,2026-05-18,12,api.rev.ai,,,,,100,True
2026-05-18 12:00:01.953848+00:00,2026-05-18,12,italynorth.stt.speech.microsoft.com,10.229,10.197,10.362,0.047,0,False
2026-05-18 12:00:01.953848+00:00,2026-05-18,12,api.openai.com,1.398,1.328,1.625,0.083,0,False
2026-05-18 12:00:01.953848+00:00,2026-05-18,12,api.groq.com,1.367,1.3,1.539,0.07,0,False
2026-05-18 12:00:01.953848+00:00,2026-05-18,12,api.mistral.ai,0.958,0.885,1.05,0.05,0,False
2026-05-18 12:00:01.953848+00:00,2026-05-18,12,api.deepgram.com,138.601,138.537,138.681,0.043,0,False
2026-05-18 12:00:01.953848+00:00,2026-05-18,12,api.openai.com,1.105,1.019,1.381,0.099,0,False
2026-05-18 12:00:01.953848+00:00,2026-05-18,12,italynorth.tts.speech.microsoft.com,10.328,10.31,10.37,0.016,0,False
2026-05-18 18:00:01.777960+00:00,2026-05-18,18,api.deepgram.com,149.136,148.965,149.66,0.219,0,False
2026-05-18 18:00:01.777960+00:00,2026-05-18,18,api.rev.ai,,,,,100,True
2026-05-18 18:00:01.777960+00:00,2026-05-18,18,italynorth.stt.speech.microsoft.com,16.162,16.099,16.433,0.107,0,False
2026-05-18 18:00:01.777960+00:00,2026-05-18,18,api.openai.com,1.078,1.025,1.155,0.04,0,False
2026-05-18 18:00:01.777960+00:00,2026-05-18,18,api.groq.com,1.452,1.422,1.501,0.027,0,False
2026-05-18 18:00:01.777960+00:00,2026-05-18,18,api.mistral.ai,0.978,0.918,1.143,0.063,0,False
2026-05-18 18:00:01.777960+00:00,2026-05-18,18,api.deepgram.com,138.682,138.576,138.872,0.085,0,False
2026-05-18 18:00:01.777960+00:00,2026-05-18,18,api.openai.com,1.39,1.331,1.583,0.071,0,False
2026-05-18 18:00:01.777960+00:00,2026-05-18,18,italynorth.tts.speech.microsoft.com,15.98,15.964,16.024,0.02,0,False
2026-05-19 00:00:03.020566+00:00,2026-05-19,0,api.deepgram.com,101.859,101.421,105.405,1.182,0,False
2026-05-19 00:00:03.020566+00:00,2026-05-19,0,api.rev.ai,,,,,100,True
2026-05-19 00:00:03.020566+00:00,2026-05-19,0,italynorth.stt.speech.microsoft.com,10.374,10.323,10.517,0.059,0,False
2026-05-19 00:00:03.020566+00:00,2026-05-19,0,api.openai.com,1.071,1.012,1.21,0.058,0,False
2026-05-19 00:00:03.020566+00:00,2026-05-19,0,api.groq.com,0.713,0.695,0.728,0.011,0,False
2026-05-19 00:00:03.020566+00:00,2026-05-19,0,api.mistral.ai,1.266,1.248,1.282,0.011,0,False
2026-05-19 00:00:03.020566+00:00,2026-05-19,0,api.deepgram.com,149.025,148.963,149.196,0.062,0,False
2026-05-19 00:00:03.020566+00:00,2026-05-19,0,api.openai.com,1.08,1.036,1.167,0.038,0,False
2026-05-19 00:00:03.020566+00:00,2026-05-19,0,italynorth.tts.speech.microsoft.com,10.371,10.098,12.749,0.792,0,False
2026-05-19 05:30:02.152705+00:00,2026-05-19,5,api.deepgram.com,149.054,148.98,149.358,0.106,0,False
2026-05-19 05:30:02.152705+00:00,2026-05-19,5,api.rev.ai,,,,,100,True
2026-05-19 05:30:02.152705+00:00,2026-05-19,5,italynorth.stt.speech.microsoft.com,10.342,10.331,10.365,0.009,0,False
2026-05-19 05:30:02.152705+00:00,2026-05-19,5,api.openai.com,1.367,1.324,1.433,0.033,0,False
2026-05-19 05:30:02.152705+00:00,2026-05-19,5,api.groq.com,1.479,1.417,1.563,0.039,0,False
2026-05-19 05:30:02.152705+00:00,2026-05-19,5,api.mistral.ai,0.941,0.898,0.999,0.026,0,False
2026-05-19 05:30:02.152705+00:00,2026-05-19,5,api.deepgram.com,101.668,101.632,101.753,0.042,0,False
2026-05-19 05:30:02.152705+00:00,2026-05-19,5,api.openai.com,1.373,1.314,1.469,0.041,0,False
2026-05-19 05:30:02.152705+00:00,2026-05-19,5,italynorth.tts.speech.microsoft.com,10.33,10.307,10.449,0.039,0,False
2026-05-19 06:00:02.596155+00:00,2026-05-19,6,api.deepgram.com,142.96,142.806,143.639,0.245,0,False
2026-05-19 06:00:02.596155+00:00,2026-05-19,6,api.rev.ai,,,,,100,True
2026-05-19 06:00:02.596155+00:00,2026-05-19,6,italynorth.stt.speech.microsoft.com,10.357,10.328,10.423,0.024,0,False
2026-05-19 06:00:02.596155+00:00,2026-05-19,6,api.openai.com,1.058,1.04,1.094,0.016,0,False
2026-05-19 06:00:02.596155+00:00,2026-05-19,6,api.groq.com,0.778,0.72,0.935,0.07,0,False
2026-05-19 06:00:02.596155+00:00,2026-05-19,6,api.mistral.ai,0.929,0.889,1.027,0.036,0,False
2026-05-19 06:00:02.596155+00:00,2026-05-19,6,api.deepgram.com,138.772,138.709,138.963,0.071,0,False
2026-05-19 06:00:02.596155+00:00,2026-05-19,6,api.openai.com,1.476,1.413,1.677,0.07,0,False
2026-05-19 06:00:02.596155+00:00,2026-05-19,6,italynorth.tts.speech.microsoft.com,10.329,10.307,10.364,0.018,0,False
2026-05-19 12:00:01.186602+00:00,2026-05-19,12,api.deepgram.com,139.861,138.608,147.74,2.692,0,False
2026-05-19 12:00:01.186602+00:00,2026-05-19,12,api.rev.ai,,,,,100,True
2026-05-19 12:00:01.186602+00:00,2026-05-19,12,italynorth.stt.speech.microsoft.com,10.375,10.341,10.54,0.057,0,False
2026-05-19 12:00:01.186602+00:00,2026-05-19,12,api.openai.com,1.09,1.042,1.205,0.049,0,False
2026-05-19 12:00:01.186602+00:00,2026-05-19,12,api.groq.com,0.8,0.711,1.069,0.112,0,False
2026-05-19 12:00:01.186602+00:00,2026-05-19,12,api.mistral.ai,1.084,0.915,1.798,0.262,0,False
2026-05-19 12:00:01.186602+00:00,2026-05-19,12,api.deepgram.com,149.016,148.949,149.234,0.077,0,False
2026-05-19 12:00:01.186602+00:00,2026-05-19,12,api.openai.com,1.48,1.433,1.692,0.072,0,False
2026-05-19 12:00:01.186602+00:00,2026-05-19,12,italynorth.tts.speech.microsoft.com,10.127,10.113,10.202,0.025,0,False
2026-05-19 18:00:02.255727+00:00,2026-05-19,18,api.deepgram.com,102.541,101.443,109.079,2.281,0,False
2026-05-19 18:00:02.255727+00:00,2026-05-19,18,api.rev.ai,,,,,100,True
2026-05-19 18:00:02.255727+00:00,2026-05-19,18,italynorth.stt.speech.microsoft.com,10.563,10.554,10.574,0.006,0,False
2026-05-19 18:00:02.255727+00:00,2026-05-19,18,api.openai.com,1.24,1.185,1.317,0.04,0,False
2026-05-19 18:00:02.255727+00:00,2026-05-19,18,api.groq.com,0.792,0.726,1.16,0.125,0,False
2026-05-19 18:00:02.255727+00:00,2026-05-19,18,api.mistral.ai,1.219,1.141,1.454,0.086,0,False
2026-05-19 18:00:02.255727+00:00,2026-05-19,18,api.deepgram.com,149.024,148.968,149.157,0.06,0,False
2026-05-19 18:00:02.255727+00:00,2026-05-19,18,api.openai.com,1.422,0.828,6.261,1.613,0,False
2026-05-19 18:00:02.255727+00:00,2026-05-19,18,italynorth.tts.speech.microsoft.com,10.342,10.319,10.392,0.022,0,False
2026-05-20 00:00:01.155005+00:00,2026-05-20,0,api.deepgram.com,149.355,148.965,151.489,0.775,0,False
2026-05-20 00:00:01.155005+00:00,2026-05-20,0,api.rev.ai,,,,,100,True
2026-05-20 00:00:01.155005+00:00,2026-05-20,0,italynorth.stt.speech.microsoft.com,10.425,10.41,10.444,0.011,0,False
2026-05-20 00:00:01.155005+00:00,2026-05-20,0,api.openai.com,1.057,1.033,1.097,0.016,0,False
2026-05-20 00:00:01.155005+00:00,2026-05-20,0,api.groq.com,0.754,0.691,0.969,0.076,0,False
2026-05-20 00:00:01.155005+00:00,2026-05-20,0,api.mistral.ai,0.931,0.9,1.032,0.039,0,False
2026-05-20 00:00:01.155005+00:00,2026-05-20,0,api.deepgram.com,149.142,148.949,149.84,0.302,0,False
2026-05-20 00:00:01.155005+00:00,2026-05-20,0,api.openai.com,1.35,1.32,1.457,0.036,0,False
2026-05-20 00:00:01.155005+00:00,2026-05-20,0,italynorth.tts.speech.microsoft.com,10.922,10.898,10.959,0.017,0,False
2026-05-20 05:30:02.075433+00:00,2026-05-20,5,api.deepgram.com,149.051,148.936,149.539,0.168,0,False
2026-05-20 05:30:02.075433+00:00,2026-05-20,5,api.rev.ai,,,,,100,True
2026-05-20 05:30:02.075433+00:00,2026-05-20,5,italynorth.stt.speech.microsoft.com,10.343,10.331,10.357,0.009,0,False
2026-05-20 05:30:02.075433+00:00,2026-05-20,5,api.openai.com,1.057,1.024,1.103,0.023,0,False
2026-05-20 05:30:02.075433+00:00,2026-05-20,5,api.groq.com,1.187,1.058,2.106,0.307,0,False
2026-05-20 05:30:02.075433+00:00,2026-05-20,5,api.mistral.ai,1.391,1.348,1.462,0.035,0,False
2026-05-20 05:30:02.075433+00:00,2026-05-20,5,api.deepgram.com,101.44,101.415,101.566,0.042,0,False
2026-05-20 05:30:02.075433+00:00,2026-05-20,5,api.openai.com,1.458,1.423,1.55,0.035,0,False
2026-05-20 05:30:02.075433+00:00,2026-05-20,5,italynorth.tts.speech.microsoft.com,10.33,10.314,10.38,0.017,0,False
2026-05-20 06:00:01.955847+00:00,2026-05-20,6,api.deepgram.com,143.042,142.506,147.319,1.426,0,False
2026-05-20 06:00:01.955847+00:00,2026-05-20,6,api.rev.ai,,,,,100,True
2026-05-20 06:00:01.955847+00:00,2026-05-20,6,italynorth.stt.speech.microsoft.com,10.349,10.332,10.403,0.018,0,False
2026-05-20 06:00:01.955847+00:00,2026-05-20,6,api.openai.com,1.452,1.393,1.504,0.03,0,False
2026-05-20 06:00:01.955847+00:00,2026-05-20,6,api.groq.com,1.091,1.048,1.156,0.031,0,False
2026-05-20 06:00:01.955847+00:00,2026-05-20,6,api.mistral.ai,1.293,1.217,1.446,0.069,0,False
2026-05-20 06:00:01.955847+00:00,2026-05-20,6,api.deepgram.com,101.521,101.345,102.624,0.369,0,False
2026-05-20 06:00:01.955847+00:00,2026-05-20,6,api.openai.com,1.045,1.024,1.065,0.012,0,False
2026-05-20 06:00:01.955847+00:00,2026-05-20,6,italynorth.tts.speech.microsoft.com,10.568,10.516,10.664,0.037,0,False
2026-05-20 12:00:01.938770+00:00,2026-05-20,12,api.deepgram.com,139.143,138.617,141.196,0.992,0,False
2026-05-20 12:00:01.938770+00:00,2026-05-20,12,api.rev.ai,,,,,100,True
2026-05-20 12:00:01.938770+00:00,2026-05-20,12,italynorth.stt.speech.microsoft.com,10.503,10.337,10.906,0.192,0,False
2026-05-20 12:00:01.938770+00:00,2026-05-20,12,api.openai.com,1.715,1.341,3.339,0.57,0,False
2026-05-20 12:00:01.938770+00:00,2026-05-20,12,api.groq.com,1.395,1.07,2.291,0.393,0,False
2026-05-20 12:00:01.938770+00:00,2026-05-20,12,api.mistral.ai,1.024,0.925,1.262,0.093,0,False
2026-05-20 12:00:01.938770+00:00,2026-05-20,12,api.deepgram.com,102.073,101.424,104.086,0.879,0,False
2026-05-20 12:00:01.938770+00:00,2026-05-20,12,api.openai.com,1.316,1.053,2.87,0.526,0,False
2026-05-20 12:00:01.938770+00:00,2026-05-20,12,italynorth.tts.speech.microsoft.com,10.809,10.557,11.787,0.39,0,False
2026-05-20 18:00:02.159651+00:00,2026-05-20,18,api.deepgram.com,102.2,101.678,105.366,1.081,0,False
2026-05-20 18:00:02.159651+00:00,2026-05-20,18,api.rev.ai,,,,,100,True
2026-05-20 18:00:02.159651+00:00,2026-05-20,18,italynorth.stt.speech.microsoft.com,10.797,10.333,12.546,0.74,0,False
2026-05-20 18:00:02.159651+00:00,2026-05-20,18,api.openai.com,1.536,1.457,1.678,0.08,0,False
2026-05-20 18:00:02.159651+00:00,2026-05-20,18,api.groq.com,1.165,1.081,1.388,0.11,0,False
2026-05-20 18:00:02.159651+00:00,2026-05-20,18,api.mistral.ai,1.305,1.253,1.335,0.022,0,False
2026-05-20 18:00:02.159651+00:00,2026-05-20,18,api.deepgram.com,143.565,142.516,151.043,2.499,0,False
2026-05-20 18:00:02.159651+00:00,2026-05-20,18,api.openai.com,1.192,1.061,1.966,0.262,0,False
2026-05-20 18:00:02.159651+00:00,2026-05-20,18,italynorth.tts.speech.microsoft.com,10.947,10.78,11.571,0.231,0,False
2026-05-21 00:00:02.014659+00:00,2026-05-21,0,api.deepgram.com,138.668,138.577,138.808,0.066,0,False
2026-05-21 00:00:02.014659+00:00,2026-05-21,0,api.rev.ai,,,,,100,True
2026-05-21 00:00:02.014659+00:00,2026-05-21,0,italynorth.stt.speech.microsoft.com,10.344,10.324,10.39,0.018,0,False
2026-05-21 00:00:02.014659+00:00,2026-05-21,0,api.openai.com,1.471,1.43,1.57,0.049,0,False
2026-05-21 00:00:02.014659+00:00,2026-05-21,0,api.groq.com,0.958,0.926,1.005,0.024,0,False
2026-05-21 00:00:02.014659+00:00,2026-05-21,0,api.mistral.ai,0.913,0.855,0.966,0.031,0,False
2026-05-21 00:00:02.014659+00:00,2026-05-21,0,api.deepgram.com,142.573,142.484,142.72,0.075,0,False
2026-05-21 00:00:02.014659+00:00,2026-05-21,0,api.openai.com,1.057,1.007,1.108,0.026,0,False
2026-05-21 00:00:02.014659+00:00,2026-05-21,0,italynorth.tts.speech.microsoft.com,10.809,10.773,10.856,0.029,0,False
2026-05-21 05:30:01.075419+00:00,2026-05-21,5,api.deepgram.com,102.385,101.359,110.838,2.82,0,False
2026-05-21 05:30:01.075419+00:00,2026-05-21,5,api.rev.ai,,,,,100,True
2026-05-21 05:30:01.075419+00:00,2026-05-21,5,italynorth.stt.speech.microsoft.com,10.355,10.315,10.448,0.032,0,False
2026-05-21 05:30:01.075419+00:00,2026-05-21,5,api.openai.com,1.541,1.419,2.276,0.248,0,False
2026-05-21 05:30:01.075419+00:00,2026-05-21,5,api.groq.com,1.151,1.05,1.558,0.148,0,False
2026-05-21 05:30:01.075419+00:00,2026-05-21,5,api.mistral.ai,1.278,1.239,1.333,0.029,0,False
2026-05-21 05:30:01.075419+00:00,2026-05-21,5,api.deepgram.com,101.653,101.638,101.667,0.008,0,False
2026-05-21 05:30:01.075419+00:00,2026-05-21,5,api.openai.com,1.043,1.021,1.083,0.017,0,False
2026-05-21 05:30:01.075419+00:00,2026-05-21,5,italynorth.tts.speech.microsoft.com,10.905,10.882,10.974,0.026,0,False
2026-05-21 06:00:01.638635+00:00,2026-05-21,6,api.deepgram.com,102.134,101.662,104.462,0.834,0,False
2026-05-21 06:00:01.638635+00:00,2026-05-21,6,api.rev.ai,,,,,100,True
2026-05-21 06:00:01.638635+00:00,2026-05-21,6,italynorth.stt.speech.microsoft.com,10.343,10.325,10.356,0.009,0,False
2026-05-21 06:00:01.638635+00:00,2026-05-21,6,api.openai.com,1.064,1.016,1.161,0.037,0,False
2026-05-21 06:00:01.638635+00:00,2026-05-21,6,api.groq.com,1.088,1.06,1.16,0.028,0,False
2026-05-21 06:00:01.638635+00:00,2026-05-21,6,api.mistral.ai,0.935,0.904,1.01,0.033,0,False
2026-05-21 06:00:01.638635+00:00,2026-05-21,6,api.deepgram.com,138.6,138.542,138.665,0.041,0,False
2026-05-21 06:00:01.638635+00:00,2026-05-21,6,api.openai.com,1.359,1.317,1.541,0.062,0,False
2026-05-21 06:00:01.638635+00:00,2026-05-21,6,italynorth.tts.speech.microsoft.com,10.808,10.761,10.858,0.026,0,False
2026-05-21 12:00:02.155199+00:00,2026-05-21,12,api.deepgram.com,139.603,138.567,147.864,2.759,0,False
2026-05-21 12:00:02.155199+00:00,2026-05-21,12,api.rev.ai,,,,,100,True
2026-05-21 12:00:02.155199+00:00,2026-05-21,12,italynorth.stt.speech.microsoft.com,10.659,10.335,13.313,0.885,0,False
2026-05-21 12:00:02.155199+00:00,2026-05-21,12,api.openai.com,1.078,1.044,1.133,0.031,0,False
2026-05-21 12:00:02.155199+00:00,2026-05-21,12,api.groq.com,0.791,0.692,0.888,0.066,0,False
2026-05-21 12:00:02.155199+00:00,2026-05-21,12,api.mistral.ai,1.405,1.375,1.53,0.043,0,False
2026-05-21 12:00:02.155199+00:00,2026-05-21,12,api.deepgram.com,138.651,138.568,138.843,0.075,0,False
2026-05-21 12:00:02.155199+00:00,2026-05-21,12,api.openai.com,1.361,1.345,1.385,0.012,0,False
2026-05-21 12:00:02.155199+00:00,2026-05-21,12,italynorth.tts.speech.microsoft.com,10.812,10.786,10.86,0.021,0,False
2026-05-21 18:00:01.106559+00:00,2026-05-21,18,api.deepgram.com,102.163,101.87,103.33,0.503,0,False
2026-05-21 18:00:01.106559+00:00,2026-05-21,18,api.rev.ai,,,,,100,True
2026-05-21 18:00:01.106559+00:00,2026-05-21,18,italynorth.stt.speech.microsoft.com,10.255,10.237,10.287,0.016,0,False
2026-05-21 18:00:01.106559+00:00,2026-05-21,18,api.openai.com,1.092,1.029,1.23,0.068,0,False
2026-05-21 18:00:01.106559+00:00,2026-05-21,18,api.groq.com,1.352,1.312,1.402,0.029,0,False
2026-05-21 18:00:01.106559+00:00,2026-05-21,18,api.mistral.ai,0.936,0.883,0.969,0.023,0,False
2026-05-21 18:00:01.106559+00:00,2026-05-21,18,api.deepgram.com,102.327,101.853,106.207,1.293,0,False
2026-05-21 18:00:01.106559+00:00,2026-05-21,18,api.openai.com,1.088,1.04,1.229,0.055,0,False
2026-05-21 18:00:01.106559+00:00,2026-05-21,18,italynorth.tts.speech.microsoft.com,10.563,10.537,10.585,0.011,0,False
2026-05-22 00:00:02.907494+00:00,2026-05-22,0,api.deepgram.com,139.096,138.819,139.393,0.214,0,False
2026-05-22 00:00:02.907494+00:00,2026-05-22,0,api.rev.ai,,,,,100,True
2026-05-22 00:00:02.907494+00:00,2026-05-22,0,italynorth.stt.speech.microsoft.com,10.226,10.203,10.253,0.014,0,False
2026-05-22 00:00:02.907494+00:00,2026-05-22,0,api.openai.com,0.977,0.948,1.046,0.027,0,False
2026-05-22 00:00:02.907494+00:00,2026-05-22,0,api.groq.com,1.231,1.201,1.258,0.017,0,False
2026-05-22 00:00:02.907494+00:00,2026-05-22,0,api.mistral.ai,0.927,0.888,1.037,0.041,0,False
2026-05-22 00:00:02.907494+00:00,2026-05-22,0,api.deepgram.com,101.931,101.62,102.997,0.409,0,False
2026-05-22 00:00:02.907494+00:00,2026-05-22,0,api.openai.com,1.056,1.002,1.165,0.042,0,False
2026-05-22 00:00:02.907494+00:00,2026-05-22,0,italynorth.tts.speech.microsoft.com,10.676,10.528,11.497,0.297,0,False
2026-05-22 05:30:01.133883+00:00,2026-05-22,5,api.deepgram.com,139.524,138.946,143.423,1.312,0,False
2026-05-22 05:30:01.133883+00:00,2026-05-22,5,api.rev.ai,,,,,100,True
2026-05-22 05:30:01.133883+00:00,2026-05-22,5,italynorth.stt.speech.microsoft.com,10.926,10.914,10.957,0.011,0,False
2026-05-22 05:30:01.133883+00:00,2026-05-22,5,api.openai.com,0.813,0.778,0.883,0.028,0,False
2026-05-22 05:30:01.133883+00:00,2026-05-22,5,api.groq.com,1.373,1.331,1.478,0.041,0,False
2026-05-22 05:30:01.133883+00:00,2026-05-22,5,api.mistral.ai,1.24,1.155,1.583,0.118,0,False
2026-05-22 05:30:01.133883+00:00,2026-05-22,5,api.deepgram.com,148.668,148.624,148.763,0.039,0,False
2026-05-22 05:30:01.133883+00:00,2026-05-22,5,api.openai.com,1.283,1.226,1.426,0.05,0,False
2026-05-22 05:30:01.133883+00:00,2026-05-22,5,italynorth.tts.speech.microsoft.com,10.916,10.89,10.957,0.022,0,False
2026-05-22 06:00:02.006846+00:00,2026-05-22,6,api.deepgram.com,149.618,149.099,152.904,1.138,0,False
2026-05-22 06:00:02.006846+00:00,2026-05-22,6,api.rev.ai,,,,,100,True
2026-05-22 06:00:02.006846+00:00,2026-05-22,6,italynorth.stt.speech.microsoft.com,16.174,16.161,16.232,0.02,0,False
2026-05-22 06:00:02.006846+00:00,2026-05-22,6,api.openai.com,0.923,0.822,1.413,0.165,0,False
2026-05-22 06:00:02.006846+00:00,2026-05-22,6,api.groq.com,0.888,0.685,2.057,0.395,0,False
2026-05-22 06:00:02.006846+00:00,2026-05-22,6,api.mistral.ai,0.642,0.606,0.791,0.053,0,False
2026-05-22 06:00:02.006846+00:00,2026-05-22,6,api.deepgram.com,138.966,138.579,142.029,1.021,0,False
2026-05-22 06:00:02.006846+00:00,2026-05-22,6,api.openai.com,0.993,0.799,1.528,0.204,0,False
2026-05-22 06:00:02.006846+00:00,2026-05-22,6,italynorth.tts.speech.microsoft.com,16.264,16.17,16.508,0.125,0,False
2026-05-22 12:00:01.104841+00:00,2026-05-22,12,api.deepgram.com,149.27,149.208,149.341,0.041,0,False
2026-05-22 12:00:01.104841+00:00,2026-05-22,12,api.rev.ai,,,,,100,True
2026-05-22 12:00:01.104841+00:00,2026-05-22,12,italynorth.stt.speech.microsoft.com,10.436,10.41,10.555,0.041,0,False
2026-05-22 12:00:01.104841+00:00,2026-05-22,12,api.openai.com,1.019,0.857,2.164,0.382,0,False
2026-05-22 12:00:01.104841+00:00,2026-05-22,12,api.groq.com,0.752,0.693,0.863,0.054,0,False
2026-05-22 12:00:01.104841+00:00,2026-05-22,12,api.mistral.ai,0.837,0.605,1.312,0.279,0,False
2026-05-22 12:00:01.104841+00:00,2026-05-22,12,api.deepgram.com,151.705,149.114,173.915,7.405,0,False
2026-05-22 12:00:01.104841+00:00,2026-05-22,12,api.openai.com,0.993,0.864,1.564,0.203,0,False
2026-05-22 12:00:01.104841+00:00,2026-05-22,12,italynorth.tts.speech.microsoft.com,10.67,10.649,10.684,0.009,0,False
